"accessionNumber","filingDate","reportDate","acceptanceDateTime","act","form","fileNumber","filmNumber","items","size","isXBRL","isInlineXBRL","primaryDocument","primaryDocDescription"
"0001193125-22-215060","2022-08-08","2022-07-19","2022-08-08T17:16:11.000Z","34","8-K/A","001-38017","221145428","5.03,9.01","165645","1","1","d383351d8ka.htm","8-K/A"
"0001209191-22-043321","2022-07-27","2022-07-25","2022-07-27T21:00:15.000Z","","4","","","","7822","0","0","xslF345X03/doc4.xml","FORM 4 SUBMISSION"
"0001209191-22-043311","2022-07-27","2022-07-25","2022-07-27T19:00:14.000Z","","4","","","","5221","0","0","xslF345X03/doc4.xml","FORM 4 SUBMISSION"
"0001209191-22-043057","2022-07-22","2022-07-20","2022-07-22T19:00:59.000Z","","4","","","","8106","0","0","xslF345X03/doc4.xml","FORM 4 SUBMISSION"
"0001209191-22-043056","2022-07-22","2022-07-20","2022-07-22T19:00:58.000Z","","4","","","","8122","0","0","xslF345X03/doc4.xml","FORM 4 SUBMISSION"
"0001209191-22-043055","2022-07-22","2022-07-20","2022-07-22T19:00:54.000Z","","4","","","","8091","0","0","xslF345X03/doc4.xml","FORM 4 SUBMISSION"
"0001209191-22-043054","2022-07-22","2022-07-20","2022-07-22T19:00:47.000Z","","4","","","","8078","0","0","xslF345X03/doc4.xml","FORM 4 SUBMISSION"
"0001209191-22-043053","2022-07-22","2022-07-20","2022-07-22T19:00:41.000Z","","4","","","","11025","0","0","xslF345X03/doc4.xml","FORM 4 SUBMISSION"
"0001209191-22-043052","2022-07-22","2022-07-20","2022-07-22T19:00:35.000Z","","4","","","","8091","0","0","xslF345X03/doc4.xml","FORM 4 SUBMISSION"
"0001209191-22-043051","2022-07-22","2022-07-20","2022-07-22T19:00:27.000Z","","4","","","","8105","0","0","xslF345X03/doc4.xml","FORM 4 SUBMISSION"
"0001209191-22-043050","2022-07-22","2022-07-20","2022-07-22T19:00:20.000Z","","4","","","","8115","0","0","xslF345X03/doc4.xml","FORM 4 SUBMISSION"
"0001564590-22-026210","2022-07-22","2022-06-30","2022-07-21T20:09:05.000Z","34","10-Q","001-38017","221098214","","15473475","1","1","snap-10q_20220630.htm","10-Q"
"0001564590-22-026167","2022-07-21","2022-07-19","2022-07-21T16:26:16.000Z","34","8-K","001-38017","221097353","1.01,2.02,5.02,5.03,5.07,8.01,9.01","7289357","1","1","snap-8k_20220719.htm","8-K"
"0001209191-22-042785","2022-07-20","2022-07-18","2022-07-20T19:00:16.000Z","","4","","","","5378","0","0","xslF345X03/doc4.xml","FORM 4 SUBMISSION"
"0001209191-22-042784","2022-07-20","2022-07-18","2022-07-20T19:00:10.000Z","","4","","","","5381","0","0","xslF345X03/doc4.xml","FORM 4 SUBMISSION"
"0001209191-22-042641","2022-07-19","2022-07-15","2022-07-19T19:00:15.000Z","","4","","","","7203","0","0","xslF345X03/doc4.xml","FORM 4 SUBMISSION"
"0001193125-22-181629","2022-06-24","2022-06-24","2022-06-24T17:05:03.000Z","34","8-K","001-38017","221040852","8.01,9.01","220290","1","1","d870971d8k.htm","8-K"
"0001209191-22-038138","2022-06-17","2022-06-16","2022-06-17T19:00:18.000Z","","4","","","","5380","0","0","xslF345X03/doc4.xml","FORM 4 SUBMISSION"
"0001209191-22-038137","2022-06-17","2022-06-15","2022-06-17T19:00:10.000Z","","4","","","","7271","0","0","xslF345X03/doc4.xml","FORM 4 SUBMISSION"
"0001193125-22-162453","2022-05-27","","2022-05-27T17:01:06.000Z","34","SD","001-38017","22978690","","60817","0","0","d494325dsd.htm","SD"
"0001209191-22-031982","2022-05-25","2022-05-23","2022-05-25T19:00:10.000Z","","4","","","","6123","0","0","xslF345X03/doc4.xml","FORM 4 SUBMISSION"
"0001193125-22-157565","2022-05-23","2022-05-23","2022-05-23T17:06:05.000Z","34","8-K","001-38017","22952689","7.01","146361","1","1","d516472d8k.htm","8-K"
"0001209191-22-030236","2022-05-18","2022-05-16","2022-05-18T19:00:52.000Z","","4","","","","11396","0","0","xslF345X03/doc4.xml","FORM 4 SUBMISSION"
"0001209191-22-030235","2022-05-18","2022-05-16","2022-05-18T19:00:38.000Z","","4","","","","7098","0","0","xslF345X03/doc4.xml","FORM 4 SUBMISSION"
"0001209191-22-030234","2022-05-18","2022-05-16","2022-05-18T19:00:23.000Z","","4","","","","7269","0","0","xslF345X03/doc4.xml","FORM 4 SUBMISSION"
"0001209191-22-030233","2022-05-18","2022-05-16","2022-05-18T19:00:15.000Z","","4","","","","9260","0","0","xslF345X03/doc4.xml","FORM 4 SUBMISSION"
"0001209191-22-028975","2022-05-13","2022-05-11","2022-05-13T19:03:02.000Z","","4","","","","5309","0","0","xslF345X03/doc4.xml","FORM 4 SUBMISSION"
"0001209191-22-028973","2022-05-13","2022-05-11","2022-05-13T19:02:23.000Z","","4","","","","6450","0","0","xslF345X03/doc4.xml","FORM 4 SUBMISSION"
"0001209191-22-028972","2022-05-13","2022-05-11","2022-05-13T19:02:03.000Z","","4","","","","5313","0","0","xslF345X03/doc4.xml","FORM 4 SUBMISSION"
"0001209191-22-028970","2022-05-13","2022-05-11","2022-05-13T19:01:24.000Z","","4","","","","6150","0","0","xslF345X03/doc4.xml","FORM 4 SUBMISSION"
"0001209191-22-028969","2022-05-13","2022-05-11","2022-05-13T19:01:08.000Z","","4","","","","5316","0","0","xslF345X03/doc4.xml","FORM 4 SUBMISSION"
"0001193125-22-145102","2022-05-09","2022-05-06","2022-05-09T17:01:54.000Z","34","8-K","001-38017","22905976","1.01,1.02","149056","1","1","d301671d8k.htm","8-K"
"0001209191-22-026885","2022-05-03","2022-04-29","2022-05-03T19:01:29.000Z","","4","","","","8693","0","0","xslF345X03/doc4.xml","FORM 4 SUBMISSION"
"0001209191-22-025900","2022-04-27","2022-04-25","2022-04-27T21:00:21.000Z","","4","","","","9936","0","0","xslF345X03/doc4.xml","FORM 4 SUBMISSION"
"0001209191-22-025899","2022-04-27","2022-04-25","2022-04-27T21:00:19.000Z","","4","","","","6360","0","0","xslF345X03/doc4.xml","FORM 4 SUBMISSION"
"0001564590-22-015139","2022-04-22","2022-03-31","2022-04-21T20:24:03.000Z","34","10-Q","001-38017","22843018","","11152871","1","1","snap-10q_20220331.htm","10-Q"
"0001564590-22-015086","2022-04-21","2022-04-21","2022-04-21T16:22:03.000Z","34","8-K","001-38017","22841706","2.02,9.01","8592461","1","1","snap-8k_20220421.htm","8-K"
"0001209191-22-025089","2022-04-20","2022-04-18","2022-04-20T19:00:22.000Z","","4","","","","7269","0","0","xslF345X03/doc4.xml","FORM 4 SUBMISSION"
"0001209191-22-025088","2022-04-20","2022-04-18","2022-04-20T19:00:19.000Z","","4","","","","5376","0","0","xslF345X03/doc4.xml","FORM 4 SUBMISSION"
"0001209191-22-025087","2022-04-20","2022-04-18","2022-04-20T19:00:12.000Z","","4","","","","9208","0","0","xslF345X03/doc4.xml","FORM 4 SUBMISSION"
"0001209191-22-022677","2022-04-04","2022-03-31","2022-04-04T19:00:33.000Z","","4","","","","6424","0","0","xslF345X03/doc4.xml","FORM 4 SUBMISSION"
"0001209191-22-020121","2022-03-18","2022-03-16","2022-03-18T19:00:13.000Z","","4","","","","9747","0","0","xslF345X03/doc4.xml","FORM 4 SUBMISSION"
"0001209191-22-019779","2022-03-17","2022-03-15","2022-03-17T19:00:22.000Z","","4","","","","9920","0","0","xslF345X03/doc4.xml","FORM 4 SUBMISSION"
"0001209191-22-015054","2022-03-02","2022-02-16","2022-03-02T19:00:19.000Z","","4","","","","11598","0","0","xslF345X03/doc4.xml","FORM 4 SUBMISSION"
"0001209191-22-011468","2022-02-18","2022-02-16","2022-02-18T19:00:37.000Z","","4","","","","6514","0","0","xslF345X03/doc4.xml","FORM 4 SUBMISSION"
"0001209191-22-011467","2022-02-18","2022-02-16","2022-02-18T19:00:30.000Z","","4","","","","7098","0","0","xslF345X03/doc4.xml","FORM 4 SUBMISSION"
"0001209191-22-011466","2022-02-18","2022-02-16","2022-02-18T19:00:24.000Z","","4","","","","11397","0","0","xslF345X03/doc4.xml","FORM 4 SUBMISSION"
"0001209191-22-011017","2022-02-17","2022-02-15","2022-02-17T19:00:32.000Z","","4","","","","7805","0","0","xslF345X03/doc4.xml","FORM 4 SUBMISSION"
"0000080255-22-002149","2022-02-14","","2022-02-14T14:34:49.000Z","34","SC 13G/A","005-90293","","","6852","0","0","snap13gadec21.txt",""
"0000919574-22-001376","2022-02-14","","2022-02-14T12:17:36.000Z","34","SC 13G","005-90293","22627967","","76582","0","0","d9353898_13-g.htm",""
"0001193125-22-040136","2022-02-14","","2022-02-14T10:02:30.000Z","34","SC 13G/A","005-90293","22626533","","120353","0","0","d306922dsc13ga.htm","SC 13G/A"
"0001193125-22-037163","2022-02-11","2022-02-08","2022-02-11T16:31:05.000Z","34","8-K","001-38017","22621656","1.01,2.03,3.02,9.01","1210617","1","1","d311905d8k.htm","8-K"
"0001104659-22-018586","2022-02-10","","2022-02-10T08:37:48.000Z","34","SC 13G/A","005-90293","22610849","","12970","0","0","tv01913-snapinc.htm","SCHEDULE 13G/A"
"0001209191-22-008265","2022-02-09","2022-02-07","2022-02-09T21:00:17.000Z","","4","","","","8272","0","0","xslF345X03/doc4.xml","FORM 4 SUBMISSION"
"0001209191-22-007838","2022-02-08","2022-02-04","2022-02-08T19:00:16.000Z","","4","","","","4752","0","0","xslF345X03/doc4.xml","FORM 4 SUBMISSION"
"0001193125-22-028498","2022-02-04","","2022-02-04T17:16:08.000Z","33","S-8","333-262543","22594579","","69627","0","0","d246927ds8.htm","S-8"
"0001209191-22-007230","2022-02-04","2022-02-02","2022-02-04T17:00:40.000Z","","4","","","","5133","0","0","xslF345X03/doc4.xml","FORM 4 SUBMISSION"
"0001209191-22-007229","2022-02-04","2022-02-02","2022-02-04T17:00:38.000Z","","4","","","","5109","0","0","xslF345X03/doc4.xml","FORM 4 SUBMISSION"
"0001209191-22-007228","2022-02-04","2022-02-02","2022-02-04T17:00:33.000Z","","4","","","","5478","0","0","xslF345X03/doc4.xml","FORM 4 SUBMISSION"
"0001209191-22-007227","2022-02-04","2022-02-02","2022-02-04T17:00:21.000Z","","4","","","","5126","0","0","xslF345X03/doc4.xml","FORM 4 SUBMISSION"
"0001564590-22-003868","2022-02-04","2021-12-31","2022-02-03T21:33:26.000Z","34","10-K","001-38017","22590688","","20597137","1","1","snap-10k_20211231.htm","10-K"
"0001564590-22-003826","2022-02-03","2022-02-03","2022-02-03T16:16:33.000Z","34","8-K","001-38017","22588498","2.02,9.01","2046425","1","1","snap-8k_20220203.htm","8-K"
"0001209191-22-004187","2022-01-20","2022-01-18","2022-01-20T19:00:24.000Z","","4","","","","5374","0","0","xslF345X03/doc4.xml","FORM 4 SUBMISSION"
"0001209191-22-004186","2022-01-20","2022-01-18","2022-01-20T19:00:20.000Z","","4","","","","10966","0","0","xslF345X03/doc4.xml","FORM 4 SUBMISSION"
"0001209191-22-004185","2022-01-20","2022-01-18","2022-01-20T19:00:17.000Z","","4","","","","7097","0","0","xslF345X03/doc4.xml","FORM 4 SUBMISSION"
"0001209191-22-004184","2022-01-20","2022-01-18","2022-01-20T19:00:15.000Z","","4","","","","7268","0","0","xslF345X03/doc4.xml","FORM 4 SUBMISSION"
"0001209191-22-002570","2022-01-07","2022-01-05","2022-01-07T19:00:10.000Z","","4","","","","10961","0","0","xslF345X03/doc4.xml","FORM 4 SUBMISSION"
"0001209191-21-070650","2021-12-20","2021-12-16","2021-12-20T19:00:10.000Z","","4","","","","9747","0","0","xslF345X03/doc4.xml","FORM 4 SUBMISSION"
"0001209191-21-070425","2021-12-17","2021-12-15","2021-12-17T19:00:44.000Z","","4","","","","9383","0","0","xslF345X03/doc4.xml","FORM 4 SUBMISSION"
"0001209191-21-070424","2021-12-17","2021-12-15","2021-12-17T19:00:34.000Z","","4","","","","10962","0","0","xslF345X03/doc4.xml","FORM 4 SUBMISSION"
"0001209191-21-067708","2021-12-02","2021-11-30","2021-12-02T19:00:10.000Z","","4","","","","10961","0","0","xslF345X03/doc4.xml","FORM 4 SUBMISSION"
"0001209191-21-065625","2021-11-18","2021-11-16","2021-11-18T19:00:33.000Z","","4","","","","9214","0","0","xslF345X03/doc4.xml","FORM 4 SUBMISSION"
"0001209191-21-065624","2021-11-18","2021-11-16","2021-11-18T19:00:19.000Z","","4","","","","11371","0","0","xslF345X03/doc4.xml","FORM 4 SUBMISSION"
"0001209191-21-065623","2021-11-18","2021-11-16","2021-11-18T19:00:14.000Z","","4","","","","12973","0","0","xslF345X03/doc4.xml","FORM 4 SUBMISSION"
"0001209191-21-065266","2021-11-17","2021-11-15","2021-11-17T19:00:18.000Z","","4","","","","8844","0","0","xslF345X03/doc4.xml","FORM 4 SUBMISSION"
"0001209191-21-062504","2021-11-02","2021-10-29","2021-11-02T19:00:18.000Z","","4","","","","8691","0","0","xslF345X03/doc4.xml","FORM 4 SUBMISSION"
"0001209191-21-061852","2021-10-27","2021-10-25","2021-10-27T21:00:18.000Z","","4","","","","11517","0","0","xslF345X03/doc4.xml","FORM 4 SUBMISSION"
"0001209191-21-061851","2021-10-27","2021-10-25","2021-10-27T21:00:12.000Z","","4","","","","7442","0","0","xslF345X03/doc4.xml","FORM 4 SUBMISSION"
"0001564590-21-051474","2021-10-22","2021-09-30","2021-10-21T20:24:28.000Z","34","10-Q","001-38017","211338399","","13334419","1","1","snap-10q_20210930.htm","10-Q"
"0001564590-21-051448","2021-10-21","2021-10-21","2021-10-21T16:19:13.000Z","34","8-K","001-38017","211337235","2.02,9.01","2026607","1","1","snap-8k_20211021.htm","8-K"
"0001209191-21-061192","2021-10-20","2021-10-18","2021-10-20T19:00:50.000Z","","4","","","","7486","0","0","xslF345X03/doc4.xml","FORM 4 SUBMISSION"
"0001209191-21-061190","2021-10-20","2021-10-18","2021-10-20T19:00:40.000Z","","4","","","","14650","0","0","xslF345X03/doc4.xml","FORM 4 SUBMISSION"
"0001209191-21-061191","2021-10-20","2021-10-18","2021-10-20T19:00:28.000Z","","4","","","","9211","0","0","xslF345X03/doc4.xml","FORM 4 SUBMISSION"
"0001209191-21-061013","2021-10-19","2021-10-15","2021-10-19T19:00:17.000Z","","4","","","","9380","0","0","xslF345X03/doc4.xml","FORM 4 SUBMISSION"
"0001209191-21-060762","2021-10-18","2021-10-14","2021-10-18T19:00:13.000Z","","4","","","","4684","0","0","xslF345X03/doc4.xml","FORM 4 SUBMISSION"
"0001209191-21-059151","2021-10-04","2021-09-30","2021-10-04T19:00:16.000Z","","4","","","","10962","0","0","xslF345X03/doc4.xml","FORM 4 SUBMISSION"
"0001209191-21-057856","2021-09-27","2021-09-23","2021-09-27T21:00:43.000Z","","4","","","","12525","0","0","xslF345X03/doc4.xml","FORM 4 SUBMISSION"
"0001193125-21-284200","2021-09-27","2021-09-22","2021-09-27T16:31:14.000Z","34","8-K","001-38017","211282070","5.02","139106","1","1","d233227d8k.htm","8-K"
"0001209191-21-056953","2021-09-20","2021-09-16","2021-09-20T19:00:09.000Z","","4","","","","11851","0","0","xslF345X03/doc4.xml","FORM 4 SUBMISSION"
"0001209191-21-056732","2021-09-17","2021-09-15","2021-09-17T19:00:17.000Z","","4","","","","12024","0","0","xslF345X03/doc4.xml","FORM 4 SUBMISSION"
"0001209191-21-056474","2021-09-16","2021-09-14","2021-09-16T19:00:23.000Z","","4","","","","4684","0","0","xslF345X03/doc4.xml","FORM 4 SUBMISSION"
"0001209191-21-054563","2021-09-02","2021-08-31","2021-09-02T19:00:14.000Z","","4","","","","10965","0","0","xslF345X03/doc4.xml","FORM 4 SUBMISSION"
"0000950123-21-012001","2021-09-01","2021-08-30","2021-09-01T07:15:15.000Z","34","8-K","001-38017","211228747","3.02","145595","1","1","d201094d8k.htm","8-K"
"0001209191-21-052629","2021-08-19","2021-08-17","2021-08-19T19:00:26.000Z","","4","","","","4685","0","0","xslF345X03/doc4.xml","FORM 4 SUBMISSION"
"0001209191-21-052386","2021-08-18","2021-08-16","2021-08-18T19:00:52.000Z","","4","","","","12895","0","0","xslF345X03/doc4.xml","FORM 4 SUBMISSION"
"0001209191-21-052387","2021-08-18","2021-08-16","2021-08-18T19:00:46.000Z","","4","","","","15776","0","0","xslF345X03/doc4.xml","FORM 4 SUBMISSION"
"0001209191-21-052389","2021-08-18","2021-08-16","2021-08-18T19:00:30.000Z","","4","","","","11491","0","0","xslF345X03/doc4.xml","FORM 4 SUBMISSION"
"0001209191-21-052388","2021-08-18","2021-08-16","2021-08-18T19:00:24.000Z","","4","","","","13479","0","0","xslF345X03/doc4.xml","FORM 4 SUBMISSION"
"0001209191-21-052041","2021-08-17","2021-08-13","2021-08-17T19:00:12.000Z","","4","","","","4684","0","0","xslF345X03/doc4.xml","FORM 4 SUBMISSION"
"0001209191-21-051292","2021-08-12","2021-08-10","2021-08-12T21:00:25.000Z","","4","","","","6184","0","0","xslF345X03/doc4.xml","FORM 4 SUBMISSION"
"0001209191-21-050512","2021-08-09","2021-08-05","2021-08-09T21:00:39.000Z","","4","","","","14193","0","0","xslF345X03/doc4.xml","FORM 4 SUBMISSION"
"0001209191-21-049816","2021-08-04","2021-08-02","2021-08-04T21:00:41.000Z","","4","","","","8298","0","0","xslF345X03/doc4.xml","FORM 4 SUBMISSION"
"0001209191-21-049475","2021-08-03","2021-07-30","2021-08-03T19:00:33.000Z","","4","","","","8694","0","0","xslF345X03/doc4.xml","FORM 4 SUBMISSION"
"0001209191-21-048969","2021-07-30","2021-07-28","2021-07-30T20:00:20.000Z","","4","","","","18424","0","0","xslF345X03/doc4.xml","FORM 4 SUBMISSION"
"0001209191-21-048468","2021-07-28","2021-07-26","2021-07-28T20:00:22.000Z","","4","","","","14187","0","0","xslF345X03/doc4.xml","FORM 4 SUBMISSION"
"0001209191-21-048376","2021-07-27","2021-07-23","2021-07-27T20:00:34.000Z","","4","","","","23097","0","0","xslF345X03/doc4.xml","FORM 4 SUBMISSION"
"0001209191-21-048347","2021-07-27","2021-07-23","2021-07-27T19:01:17.000Z","","4","","","","13231","0","0","xslF345X03/doc4.xml","FORM 4 SUBMISSION"
"0001209191-21-048059","2021-07-23","2021-07-21","2021-07-23T19:00:26.000Z","","4","","","","8087","0","0","xslF345X03/doc4.xml","FORM 4 SUBMISSION"
"0001209191-21-048010","2021-07-23","2021-07-20","2021-07-23T18:00:45.000Z","","3","","","","6760","0","0","xslF345X02/doc3.xml","FORM 3 SUBMISSION"
"0001564590-21-037670","2021-07-23","2021-06-30","2021-07-22T20:21:28.000Z","34","10-Q","001-38017","211108790","","12982053","1","1","snap-10q_20210630.htm","10-Q"
"0001209191-21-047857","2021-07-22","2021-07-21","2021-07-22T19:00:56.000Z","","4","","","","8119","0","0","xslF345X03/doc4.xml","FORM 4 SUBMISSION"
"0001209191-21-047856","2021-07-22","2021-07-21","2021-07-22T19:00:55.000Z","","4","","","","8111","0","0","xslF345X03/doc4.xml","FORM 4 SUBMISSION"
"0001209191-21-047855","2021-07-22","2021-07-21","2021-07-22T19:00:51.000Z","","4","","","","11023","0","0","xslF345X03/doc4.xml","FORM 4 SUBMISSION"
"0001209191-21-047854","2021-07-22","2021-07-21","2021-07-22T19:00:46.000Z","","4","","","","8961","0","0","xslF345X03/doc4.xml","FORM 4 SUBMISSION"
"0001209191-21-047853","2021-07-22","2021-07-21","2021-07-22T19:00:37.000Z","","4","","","","8104","0","0","xslF345X03/doc4.xml","FORM 4 SUBMISSION"
"0001209191-21-047852","2021-07-22","2021-07-21","2021-07-22T19:00:30.000Z","","4","","","","8103","0","0","xslF345X03/doc4.xml","FORM 4 SUBMISSION"
"0001209191-21-047851","2021-07-22","2021-07-21","2021-07-22T19:00:24.000Z","","4","","","","8089","0","0","xslF345X03/doc4.xml","FORM 4 SUBMISSION"
"0001209191-21-047850","2021-07-22","2021-07-21","2021-07-22T19:00:17.000Z","","4","","","","8076","0","0","xslF345X03/doc4.xml","FORM 4 SUBMISSION"
"0001564590-21-037602","2021-07-22","2021-07-22","2021-07-22T16:19:03.000Z","34","8-K","001-38017","211107830","2.02,9.01","2021351","1","1","snap-8k_20210722.htm","8-K"
"0001209191-21-047490","2021-07-20","2021-07-16","2021-07-20T19:00:34.000Z","","4","","","","5376","0","0","xslF345X03/doc4.xml","FORM 4 SUBMISSION"
"0001209191-21-047489","2021-07-20","2021-07-16","2021-07-20T19:00:26.000Z","","4","","","","9744","0","0","xslF345X03/doc4.xml","FORM 4 SUBMISSION"
"0001209191-21-047488","2021-07-20","2021-07-16","2021-07-20T19:00:18.000Z","","4","","","","13665","0","0","xslF345X03/doc4.xml","FORM 4 SUBMISSION"
"0001209191-21-047253","2021-07-19","2021-07-15","2021-07-19T19:00:10.000Z","","4","","","","7269","0","0","xslF345X03/doc4.xml","FORM 4 SUBMISSION"
"0001209191-21-047007","2021-07-16","2021-07-14","2021-07-16T19:00:12.000Z","","4","","","","4684","0","0","xslF345X03/doc4.xml","FORM 4 SUBMISSION"
"0001209191-21-046081","2021-07-08","2021-07-06","2021-07-08T21:00:28.000Z","","4","","","","6149","0","0","xslF345X03/doc4.xml","FORM 4 SUBMISSION"
"0001209191-21-045175","2021-07-02","2021-06-30","2021-07-02T19:00:28.000Z","","4","","","","8675","0","0","xslF345X03/doc4.xml","FORM 4 SUBMISSION"
"0001209191-21-044183","2021-06-30","2021-06-28","2021-06-30T21:00:12.000Z","","4","","","","9926","0","0","xslF345X03/doc4.xml","FORM 4 SUBMISSION"
"0001193125-21-204751","2021-06-30","2021-06-30","2021-06-30T16:30:34.000Z","34","8-K","001-38017","211062312","8.01,9.01","225258","1","1","d177941d8k.htm","8-K"
"0001209191-21-043428","2021-06-25","2021-06-23","2021-06-25T21:01:02.000Z","","4","","","","14604","0","0","xslF345X03/doc4.xml","FORM 4 SUBMISSION"
"0001209191-21-042250","2021-06-21","2021-06-16","2021-06-21T19:00:22.000Z","","4","","","","11857","0","0","xslF345X03/doc4.xml","FORM 4 SUBMISSION"
"0001209191-21-041666","2021-06-17","2021-06-15","2021-06-17T19:01:10.000Z","","4","","","","11493","0","0","xslF345X03/doc4.xml","FORM 4 SUBMISSION"
"0001209191-21-041090","2021-06-16","2021-06-14","2021-06-16T19:00:26.000Z","","4","","","","4684","0","0","xslF345X03/doc4.xml","FORM 4 SUBMISSION"
"0001209191-21-040791","2021-06-15","2021-06-11","2021-06-15T21:00:22.000Z","","4","","","","8264","0","0","xslF345X03/doc4.xml","FORM 4 SUBMISSION"
"0001209191-21-039353","2021-06-09","2021-06-07","2021-06-09T21:00:11.000Z","","4","","","","12048","0","0","xslF345X03/doc4.xml","FORM 4 SUBMISSION"
"0001209191-21-038462","2021-06-04","2021-06-02","2021-06-04T21:00:23.000Z","","4","","","","16720","0","0","xslF345X03/doc4.xml","FORM 4 SUBMISSION"
"0001193125-21-181351","2021-06-03","2021-06-03","2021-06-03T16:21:52.000Z","34","8-K","001-38017","21992773","8.01,9.01","165798","1","1","d186456d8k.htm","8-K"
"0001193125-21-181331","2021-06-03","","2021-06-03T16:16:33.000Z","33","424B7","333-252796","21992694","","396259","0","0","d945868d424b7.htm","424B7"
"0001209191-21-037413","2021-06-02","2021-05-28","2021-06-02T19:00:12.000Z","","4","","","","11579","0","0","xslF345X03/doc4.xml","FORM 4 SUBMISSION"
"0001193125-21-173689","2021-05-26","","2021-05-26T16:55:38.000Z","34","SD","001-38017","21967095","","59263","0","0","d189658dsd.htm","SD"
"0001209191-21-034176","2021-05-19","2021-05-17","2021-05-19T19:00:31.000Z","","4","","","","15972","0","0","xslF345X03/doc4.xml","FORM 4 SUBMISSION"
"0001209191-21-034177","2021-05-19","2021-05-17","2021-05-19T19:00:25.000Z","","4","","","","8780","0","0","xslF345X03/doc4.xml","FORM 4 SUBMISSION"
"0001209191-21-034178","2021-05-19","2021-05-17","2021-05-19T19:00:19.000Z","","4","","","","9312","0","0","xslF345X03/doc4.xml","FORM 4 SUBMISSION"
"0001209191-21-034175","2021-05-19","2021-05-17","2021-05-19T19:00:14.000Z","","4","","","","9209","0","0","xslF345X03/doc4.xml","FORM 4 SUBMISSION"
"0001209191-21-033729","2021-05-18","2021-05-14","2021-05-18T19:00:35.000Z","","4","","","","4683","0","0","xslF345X03/doc4.xml","FORM 4 SUBMISSION"
"0001209191-21-032904","2021-05-14","2021-05-12","2021-05-14T19:00:18.000Z","","4","","","","5114","0","0","xslF345X03/doc4.xml","FORM 4 SUBMISSION"
"0001209191-21-030079","2021-05-04","2021-04-30","2021-05-04T19:00:14.000Z","","4","","","","11886","0","0","xslF345X03/doc4.xml","FORM 4 SUBMISSION"
"0001193125-21-145731","2021-04-30","2021-04-27","2021-04-30T17:26:14.000Z","34","8-K","001-38017","21880016","1.01,2.03,3.02,9.01","1258504","1","1","d165819d8k.htm","8-K"
"0001209191-21-028860","2021-04-28","2021-04-26","2021-04-28T21:00:30.000Z","","4","","","","12051","0","0","xslF345X03/doc4.xml","FORM 4 SUBMISSION"
"0001209191-21-028859","2021-04-28","2021-04-26","2021-04-28T21:00:29.000Z","","4","","","","10244","0","0","xslF345X03/doc4.xml","FORM 4 SUBMISSION"
"0001209191-21-028844","2021-04-28","2021-02-26","2021-04-28T20:10:57.000Z","","4/A","","","","13296","0","0","xslF345X03/doc4a.xml","FORM 4/A SUBMISSION"
"0001564590-21-020182","2021-04-23","2021-03-31","2021-04-22T20:58:20.000Z","34","10-Q","001-38017","21846454","","10313219","1","1","snap-10q_20210331.htm","10-Q"
"0001564590-21-020117","2021-04-22","2021-04-22","2021-04-22T16:21:12.000Z","34","8-K","001-38017","21845056","2.02,9.01","1589576","1","1","snap-8k_20210422.htm","8-K"
"0001209191-21-027626","2021-04-20","2021-04-16","2021-04-20T19:00:24.000Z","","4","","","","7569","0","0","xslF345X03/doc4.xml","FORM 4 SUBMISSION"
"0001209191-21-027625","2021-04-20","2021-04-16","2021-04-20T19:00:22.000Z","","4","","","","11505","0","0","xslF345X03/doc4.xml","FORM 4 SUBMISSION"
"0001209191-21-027624","2021-04-20","2021-04-16","2021-04-20T19:00:16.000Z","","4","","","","9825","0","0","xslF345X03/doc4.xml","FORM 4 SUBMISSION"
"0001209191-21-027380","2021-04-19","2021-04-15","2021-04-19T19:00:11.000Z","","4","","","","9390","0","0","xslF345X03/doc4.xml","FORM 4 SUBMISSION"
"0001209191-21-027040","2021-04-16","2021-04-14","2021-04-16T19:00:10.000Z","","4","","","","4751","0","0","xslF345X03/doc4.xml","FORM 4 SUBMISSION"
"0001209191-21-024698","2021-04-02","2021-03-31","2021-04-02T17:15:49.000Z","","4","","","","13623","0","0","xslF345X03/doc4.xml","FORM 4 SUBMISSION"
"0001209191-21-022440","2021-03-22","2021-03-18","2021-03-22T19:00:11.000Z","","4","","","","8636","0","0","xslF345X03/doc4.xml","FORM 4 SUBMISSION"
"0001209191-21-021902","2021-03-18","2021-03-16","2021-03-18T19:00:11.000Z","","4","","","","11394","0","0","xslF345X03/doc4.xml","FORM 4 SUBMISSION"
"0001209191-21-021489","2021-03-17","2021-03-15","2021-03-17T18:00:28.000Z","","4","","","","14214","0","0","xslF345X03/doc4.xml","FORM 4 SUBMISSION"
"0001209191-21-021490","2021-03-17","2021-03-15","2021-03-17T18:00:19.000Z","","4","","","","4751","0","0","xslF345X03/doc4.xml","FORM 4 SUBMISSION"
"0001209191-21-017309","2021-03-03","2021-03-01","2021-03-03T19:00:40.000Z","","4","","","","16381","0","0","xslF345X03/doc4.xml","FORM 4 SUBMISSION"
"0001209191-21-012184","2021-02-18","2021-02-16","2021-02-18T20:00:32.000Z","","4","","","","15962","0","0","xslF345X03/doc4.xml","FORM 4 SUBMISSION"
"0001209191-21-012116","2021-02-18","2021-02-16","2021-02-18T19:00:20.000Z","","4","","","","13201","0","0","xslF345X03/doc4.xml","FORM 4 SUBMISSION"
"0001209191-21-012112","2021-02-18","2021-02-16","2021-02-18T19:00:11.000Z","","4","","","","9457","0","0","xslF345X03/doc4.xml","FORM 4 SUBMISSION"
"0001209191-21-012113","2021-02-18","2021-02-16","2021-02-18T19:00:09.000Z","","4","","","","9289","0","0","xslF345X03/doc4.xml","FORM 4 SUBMISSION"
"0000080255-21-001263","2021-02-16","","2021-02-16T12:23:57.000Z","34","SC 13G/A","005-90293","","","6922","0","0","snap13gadec20.txt",""
"0001209191-21-010419","2021-02-12","2020-12-31","2021-02-12T19:00:16.000Z","","5","","","","6545","0","0","xslF345X03/doc5.xml","FORM 5 SUBMISSION"
"0001209191-21-009486","2021-02-10","2021-02-08","2021-02-10T21:00:21.000Z","","4","","","","4751","0","0","xslF345X03/doc4.xml","FORM 4 SUBMISSION"
"0001104659-21-019106","2021-02-10","","2021-02-10T11:52:40.000Z","34","SC 13G/A","005-90293","21611951","","13916","0","0","tv01852-snapinc.htm","SCHEDULE 13G/A"
"0001209191-21-008308","2021-02-05","2021-02-03","2021-02-05T19:00:18.000Z","","4","","","","6101","0","0","xslF345X03/doc4.xml","FORM 4 SUBMISSION"
"0001209191-21-008307","2021-02-05","2021-02-03","2021-02-05T19:00:17.000Z","","4","","","","5202","0","0","xslF345X03/doc4.xml","FORM 4 SUBMISSION"
"0001209191-21-008306","2021-02-05","2021-02-03","2021-02-05T19:00:13.000Z","","4","","","","5199","0","0","xslF345X03/doc4.xml","FORM 4 SUBMISSION"
"0001209191-21-008305","2021-02-05","2021-02-03","2021-02-05T19:00:10.000Z","","4","","","","6037","0","0","xslF345X03/doc4.xml","FORM 4 SUBMISSION"
"0001193125-21-030832","2021-02-05","","2021-02-05T16:52:35.000Z","33","S-3ASR","333-252796","21596784","","954798","0","0","d83177ds3asr.htm","S-3ASR"
"0001193125-21-030765","2021-02-05","","2021-02-05T16:44:35.000Z","33","S-8","333-252789","21596625","","65837","0","0","d111631ds8.htm","S-8"
"0001564590-21-004377","2021-02-05","2020-12-31","2021-02-04T20:51:20.000Z","34","10-K","001-38017","21593011","","20172444","1","1","snap-10k_20201231.htm","10-K"
"0001564590-21-004325","2021-02-04","2021-02-04","2021-02-04T16:17:34.000Z","34","8-K","001-38017","21591382","2.02,9.01","2098893","1","1","snap-8k_20210204.htm","8-K"
"0001209191-21-004762","2021-01-21","2021-01-19","2021-01-21T20:00:08.000Z","","4","","","","5457","0","0","xslF345X03/doc4.xml","FORM 4 SUBMISSION"
"0001209191-21-004747","2021-01-21","2021-01-19","2021-01-21T19:00:13.000Z","","4","","","","7713","0","0","xslF345X03/doc4.xml","FORM 4 SUBMISSION"
"0001209191-21-004746","2021-01-21","2021-01-19","2021-01-21T19:00:13.000Z","","4","","","","7182","0","0","xslF345X03/doc4.xml","FORM 4 SUBMISSION"
"0001209191-21-004744","2021-01-21","2021-01-19","2021-01-21T19:00:08.000Z","","4","","","","11649","0","0","xslF345X03/doc4.xml","FORM 4 SUBMISSION"
"0001209191-21-004745","2021-01-21","2020-12-31","2021-01-21T19:00:07.000Z","","5","","","","4877","0","0","xslF345X03/doc5.xml","FORM 5 SUBMISSION"
"0001209191-21-004520","2021-01-20","2021-01-15","2021-01-20T19:00:10.000Z","","4","","","","7350","0","0","xslF345X03/doc4.xml","FORM 4 SUBMISSION"
"0001209191-21-002380","2021-01-06","2021-01-04","2021-01-06T20:00:13.000Z","","4","","","","8210","0","0","xslF345X03/doc4.xml","FORM 4 SUBMISSION"
"0001209191-20-064516","2020-12-18","2020-12-16","2020-12-18T19:00:15.000Z","","4","","","","9293","0","0","xslF345X03/doc4.xml","FORM 4 SUBMISSION"
"0001209191-20-064514","2020-12-18","2020-12-16","2020-12-18T19:00:10.000Z","","4","","","","9826","0","0","xslF345X03/doc4.xml","FORM 4 SUBMISSION"
"0001209191-20-064222","2020-12-17","2020-12-15","2020-12-17T19:00:10.000Z","","4","","","","9464","0","0","xslF345X03/doc4.xml","FORM 4 SUBMISSION"
"0001209191-20-063356","2020-12-14","2020-12-10","2020-12-14T20:00:30.000Z","","4","","","","8208","0","0","xslF345X03/doc4.xml","FORM 4 SUBMISSION"
"0001209191-20-063086","2020-12-11","2020-12-10","2020-12-11T20:01:05.000Z","","3","","","","6316","0","0","xslF345X02/doc3.xml","FORM 3 SUBMISSION"
"0001193125-20-315448","2020-12-11","2020-12-10","2020-12-11T09:15:54.000Z","34","8-K","001-38017","201382378","5.02,9.01","152740","1","1","d27353d8k.htm","8-K"
"0001209191-20-059278","2020-11-18","2020-11-16","2020-11-18T20:14:46.000Z","","4","","","","5640","0","0","xslF345X03/doc4.xml","FORM 4 SUBMISSION"
"0001209191-20-059277","2020-11-18","2020-11-16","2020-11-18T20:14:08.000Z","","4","","","","11654","0","0","xslF345X03/doc4.xml","FORM 4 SUBMISSION"
"0001209191-20-059276","2020-11-18","2020-11-16","2020-11-18T20:13:40.000Z","","4","","","","7178","0","0","xslF345X03/doc4.xml","FORM 4 SUBMISSION"
"0001209191-20-059275","2020-11-18","2020-11-16","2020-11-18T20:12:34.000Z","","4","","","","7181","0","0","xslF345X03/doc4.xml","FORM 4 SUBMISSION"
"0001209191-20-059274","2020-11-18","2020-11-16","2020-11-18T20:11:51.000Z","","4","","","","7288","0","0","xslF345X03/doc4.xml","FORM 4 SUBMISSION"
"0001193125-20-291819","2020-11-12","2020-11-10","2020-11-12T17:17:02.000Z","34","8-K","001-38017","201308012","5.02","141274","1","1","d87827d8k.htm","8-K"
"0000080255-20-001702","2020-11-10","","2020-11-10T15:09:48.000Z","34","SC 13G","005-90293","","","6902","0","0","snap13goct20.txt",""
"0001209191-20-055878","2020-10-26","2020-10-22","2020-10-26T20:37:31.000Z","","4","","","","8786","0","0","xslF345X03/doc4.xml","FORM 4 SUBMISSION"
"0001209191-20-055877","2020-10-26","2020-10-22","2020-10-26T20:36:26.000Z","","4","","","","11749","0","0","xslF345X03/doc4.xml","FORM 4 SUBMISSION"
"0001209191-20-055525","2020-10-21","2020-10-19","2020-10-21T20:33:09.000Z","","4","","","","9942","0","0","xslF345X03/doc4.xml","FORM 4 SUBMISSION"
"0001564590-20-047000","2020-10-21","2020-09-30","2020-10-20T20:35:13.000Z","34","10-Q","001-38017","201249375","","12298124","1","1","snap-10q_20200930.htm","10-Q"
"0001209191-20-055441","2020-10-20","2020-10-16","2020-10-20T20:54:03.000Z","","4","","","","5459","0","0","xslF345X03/doc4.xml","FORM 4 SUBMISSION"
"0001209191-20-055440","2020-10-20","2020-10-16","2020-10-20T20:53:25.000Z","","4","","","","11111","0","0","xslF345X03/doc4.xml","FORM 4 SUBMISSION"
"0001209191-20-055439","2020-10-20","2020-10-16","2020-10-20T20:52:15.000Z","","4","","","","7715","0","0","xslF345X03/doc4.xml","FORM 4 SUBMISSION"
"0001209191-20-055436","2020-10-20","2020-10-16","2020-10-20T20:51:11.000Z","","4","","","","7182","0","0","xslF345X03/doc4.xml","FORM 4 SUBMISSION"
"0001564590-20-046960","2020-10-20","2020-10-20","2020-10-20T16:15:30.000Z","34","8-K","001-38017","201248481","2.02,9.01","2011268","1","1","snap-8k_20201020.htm","8-K"
"0001209191-20-055344","2020-10-19","2020-10-15","2020-10-19T20:32:46.000Z","","4","","","","7353","0","0","xslF345X03/doc4.xml","FORM 4 SUBMISSION"
"0001209191-20-053921","2020-10-05","2020-10-01","2020-10-05T20:26:54.000Z","","4","","","","10479","0","0","xslF345X03/doc4.xml","FORM 4 SUBMISSION"
"0001209191-20-053918","2020-10-05","2020-10-01","2020-10-05T20:26:04.000Z","","4","","","","4844","0","0","xslF345X03/doc4.xml","FORM 4 SUBMISSION"
"0001209191-20-051044","2020-09-17","2020-09-16","2020-09-17T19:17:20.000Z","","4","","","","7715","0","0","xslF345X03/doc4.xml","FORM 4 SUBMISSION"
"0001209191-20-051043","2020-09-17","2020-09-16","2020-09-17T19:16:44.000Z","","4","","","","7184","0","0","xslF345X03/doc4.xml","FORM 4 SUBMISSION"
"0001209191-20-051042","2020-09-17","2020-09-15","2020-09-17T19:16:15.000Z","","4","","","","8930","0","0","xslF345X03/doc4.xml","FORM 4 SUBMISSION"
"0001209191-20-050766","2020-09-16","2020-09-14","2020-09-16T19:01:44.000Z","","4","","","","4752","0","0","xslF345X03/doc4.xml","FORM 4 SUBMISSION"
"0001209191-20-050217","2020-09-11","2020-09-09","2020-09-11T20:01:32.000Z","","4","","","","10479","0","0","xslF345X03/doc4.xml","FORM 4 SUBMISSION"
"0001209191-20-049569","2020-09-03","2020-09-01","2020-09-03T20:08:59.000Z","","4","","","","43538","0","0","xslF345X03/doc4.xml","FORM 4 SUBMISSION"
"0001209191-20-047636","2020-08-19","2020-08-17","2020-08-19T19:18:50.000Z","","4","","","","5639","0","0","xslF345X03/doc4.xml","FORM 4 SUBMISSION"
"0001209191-20-047635","2020-08-19","2020-08-17","2020-08-19T19:18:15.000Z","","4","","","","11491","0","0","xslF345X03/doc4.xml","FORM 4 SUBMISSION"
"0001209191-20-047634","2020-08-19","2020-08-17","2020-08-19T19:17:38.000Z","","4","","","","7280","0","0","xslF345X03/doc4.xml","FORM 4 SUBMISSION"
"0001209191-20-047633","2020-08-19","2020-08-17","2020-08-19T19:17:03.000Z","","4","","","","9295","0","0","xslF345X03/doc4.xml","FORM 4 SUBMISSION"
"0001209191-20-047632","2020-08-19","2020-08-17","2020-08-19T19:16:26.000Z","","4","","","","7284","0","0","xslF345X03/doc4.xml","FORM 4 SUBMISSION"
"0001209191-20-047001","2020-08-17","2020-08-13","2020-08-17T19:16:00.000Z","","4","","","","4752","0","0","xslF345X03/doc4.xml","FORM 4 SUBMISSION"
"0001209191-20-043386","2020-07-22","2020-07-19","2020-07-22T18:43:52.000Z","","4","","","","8205","0","0","xslF345X03/doc4.xml","FORM 4 SUBMISSION"
"0001209191-20-043385","2020-07-22","2020-07-19","2020-07-22T18:43:15.000Z","","4","","","","8189","0","0","xslF345X03/doc4.xml","FORM 4 SUBMISSION"
"0001209191-20-043384","2020-07-22","2020-07-19","2020-07-22T18:42:45.000Z","","4","","","","8190","0","0","xslF345X03/doc4.xml","FORM 4 SUBMISSION"
"0001209191-20-043383","2020-07-22","2020-07-19","2020-07-22T18:42:07.000Z","","4","","","","8160","0","0","xslF345X03/doc4.xml","FORM 4 SUBMISSION"
"0001209191-20-043382","2020-07-22","2020-07-19","2020-07-22T18:41:33.000Z","","4","","","","13237","0","0","xslF345X03/doc4.xml","FORM 4 SUBMISSION"
"0001209191-20-043381","2020-07-22","2020-07-19","2020-07-22T18:40:54.000Z","","4","","","","11815","0","0","xslF345X03/doc4.xml","FORM 4 SUBMISSION"
"0001209191-20-043380","2020-07-22","2020-07-19","2020-07-22T18:40:11.000Z","","4","","","","8174","0","0","xslF345X03/doc4.xml","FORM 4 SUBMISSION"
"0001209191-20-043379","2020-07-22","2020-07-19","2020-07-22T18:39:22.000Z","","4","","","","8188","0","0","xslF345X03/doc4.xml","FORM 4 SUBMISSION"
"0001564590-20-032968","2020-07-22","2020-06-30","2020-07-21T19:49:32.000Z","34","10-Q","001-38017","201039970","","12022672","1","1","snap-10q_20200630.htm","10-Q"
"0001564590-20-032933","2020-07-21","2020-07-21","2020-07-21T16:19:27.000Z","34","8-K","001-38017","201039097","2.02,9.01","2012868","1","1","snap-8k_20200721.htm","8-K"
"0001209191-20-043100","2020-07-20","2020-07-16","2020-07-20T19:40:59.000Z","","4","","","","5458","0","0","xslF345X03/doc4.xml","FORM 4 SUBMISSION"
"0001209191-20-043098","2020-07-20","2020-07-16","2020-07-20T19:40:13.000Z","","4","","","","7267","0","0","xslF345X03/doc4.xml","FORM 4 SUBMISSION"
"0001209191-20-043097","2020-07-20","2020-07-16","2020-07-20T19:36:53.000Z","","4","","","","7178","0","0","xslF345X03/doc4.xml","FORM 4 SUBMISSION"
"0001209191-20-043096","2020-07-20","2020-07-16","2020-07-20T19:24:20.000Z","","4","","","","7182","0","0","xslF345X03/doc4.xml","FORM 4 SUBMISSION"
"0001209191-20-043095","2020-07-20","2020-07-16","2020-07-20T19:23:17.000Z","","4","","","","5564","0","0","xslF345X03/doc4.xml","FORM 4 SUBMISSION"
"0001209191-20-042531","2020-07-15","2020-07-13","2020-07-15T19:26:45.000Z","","4","","","","4752","0","0","xslF345X03/doc4.xml","FORM 4 SUBMISSION"
"0001209191-20-041288","2020-07-06","2020-07-01","2020-07-06T19:34:19.000Z","","4","","","","4844","0","0","xslF345X03/doc4.xml","FORM 4 SUBMISSION"
"0001209191-20-038325","2020-06-22","2020-06-18","2020-06-22T19:31:37.000Z","","4","","","","9507","0","0","xslF345X03/doc4.xml","FORM 4 SUBMISSION"
"0001193125-20-174067","2020-06-19","2020-06-19","2020-06-19T16:32:11.000Z","34","8-K","001-38017","20976037","8.01,9.01","224101","1","1","d907217d8k.htm","8-K"
"0001209191-20-037723","2020-06-18","2020-06-16","2020-06-18T19:31:31.000Z","","4","","","","7176","0","0","xslF345X03/doc4.xml","FORM 4 SUBMISSION"
"0001209191-20-037722","2020-06-18","2020-06-16","2020-06-18T19:30:59.000Z","","4","","","","7181","0","0","xslF345X03/doc4.xml","FORM 4 SUBMISSION"
"0001209191-20-037721","2020-06-18","2020-06-16","2020-06-18T19:30:23.000Z","","4","","","","8931","0","0","xslF345X03/doc4.xml","FORM 4 SUBMISSION"
"0001209191-20-037432","2020-06-17","2020-06-15","2020-06-17T19:35:47.000Z","","4","","","","4751","0","0","xslF345X03/doc4.xml","FORM 4 SUBMISSION"
"0001209191-20-036080","2020-06-11","2020-06-09","2020-06-11T19:23:36.000Z","","4","","","","6217","0","0","xslF345X03/doc4.xml","FORM 4 SUBMISSION"
"0001209191-20-034256","2020-06-03","2020-06-01","2020-06-03T19:14:10.000Z","","4","","","","19503","0","0","xslF345X03/doc4.xml","FORM 4 SUBMISSION"
"0001193125-20-151570","2020-05-26","","2020-05-26T16:31:09.000Z","34","SD","001-38017","20911036","","59569","0","0","d935707dsd.htm","SD"
"0001209191-20-031064","2020-05-20","2020-05-18","2020-05-20T20:08:33.000Z","","4","","","","8185","0","0","xslF345X03/doc4.xml","FORM 4 SUBMISSION"
"0001209191-20-031048","2020-05-20","2020-05-18","2020-05-20T19:34:26.000Z","","3","","","","6163","0","0","xslF345X02/doc3.xml","FORM 3 SUBMISSION"
"0001209191-20-031044","2020-05-20","2020-05-18","2020-05-20T19:27:57.000Z","","4","","","","5639","0","0","xslF345X03/doc4.xml","FORM 4 SUBMISSION"
"0001209191-20-031041","2020-05-20","2020-05-18","2020-05-20T19:26:35.000Z","","4","","","","7869","0","0","xslF345X03/doc4.xml","FORM 4 SUBMISSION"
"0001209191-20-031040","2020-05-20","2020-05-18","2020-05-20T19:22:29.000Z","","4","","","","7177","0","0","xslF345X03/doc4.xml","FORM 4 SUBMISSION"
"0001209191-20-031038","2020-05-20","2020-05-18","2020-05-20T19:21:29.000Z","","4","","","","7179","0","0","xslF345X03/doc4.xml","FORM 4 SUBMISSION"
"0001209191-20-031035","2020-05-20","2020-05-18","2020-05-20T19:18:38.000Z","","4","","","","7283","0","0","xslF345X03/doc4.xml","FORM 4 SUBMISSION"
"0001209191-20-029861","2020-05-15","2020-05-13","2020-05-15T19:24:32.000Z","","4","","","","5193","0","0","xslF345X03/doc4.xml","FORM 4 SUBMISSION"
"0001209191-20-029860","2020-05-15","2020-05-13","2020-05-15T19:23:50.000Z","","4","","","","4751","0","0","xslF345X03/doc4.xml","FORM 4 SUBMISSION"
"0001209191-20-027336","2020-05-05","2020-05-01","2020-05-05T19:40:09.000Z","","4","","","","6218","0","0","xslF345X03/doc4.xml","FORM 4 SUBMISSION"
"0001193125-20-123072","2020-04-28","2020-04-23","2020-04-28T16:15:44.000Z","34","8-K","001-38017","20825188","1.01,2.03,3.02,9.01","1227324","1","1","d836677d8k.htm","8-K"
"0001564590-20-017775","2020-04-22","2020-03-31","2020-04-21T20:37:43.000Z","34","10-Q","001-38017","20806410","","9728801","1","1","snap-10q_20200331.htm","10-Q"
"0001564590-20-017699","2020-04-21","2020-04-21","2020-04-21T16:20:22.000Z","34","8-K","001-38017","20805383","2.02,9.01","1606985","1","1","snap-8k_20200421.htm","8-K"
"0001209191-20-025174","2020-04-20","2020-04-16","2020-04-20T19:46:01.000Z","","4","","","","5447","0","0","xslF345X03/doc4.xml","FORM 4 SUBMISSION"
"0001209191-20-025173","2020-04-20","2020-04-16","2020-04-20T19:45:26.000Z","","4","","","","7264","0","0","xslF345X03/doc4.xml","FORM 4 SUBMISSION"
"0001209191-20-025172","2020-04-20","2020-04-16","2020-04-20T19:44:52.000Z","","4","","","","7176","0","0","xslF345X03/doc4.xml","FORM 4 SUBMISSION"
"0001209191-20-025171","2020-04-20","2020-04-16","2020-04-20T19:44:17.000Z","","4","","","","5461","0","0","xslF345X03/doc4.xml","FORM 4 SUBMISSION"
"0001209191-20-025170","2020-04-20","2020-04-16","2020-04-20T19:43:34.000Z","","4","","","","7283","0","0","xslF345X03/doc4.xml","FORM 4 SUBMISSION"
"0001209191-20-023467","2020-04-03","2020-04-01","2020-04-03T19:16:33.000Z","","4","","","","4843","0","0","xslF345X03/doc4.xml","FORM 4 SUBMISSION"
"0001209191-20-020117","2020-03-18","2020-03-16","2020-03-18T19:46:08.000Z","","4","","","","7172","0","0","xslF345X03/doc4.xml","FORM 4 SUBMISSION"
"0001209191-20-020115","2020-03-18","2020-03-16","2020-03-18T19:44:05.000Z","","4","","","","5460","0","0","xslF345X03/doc4.xml","FORM 4 SUBMISSION"
"0001209191-20-020112","2020-03-18","2020-03-16","2020-03-18T19:39:21.000Z","","4","","","","5632","0","0","xslF345X03/doc4.xml","FORM 4 SUBMISSION"
"0001209191-20-020109","2020-03-18","2020-03-16","2020-03-18T19:34:52.000Z","","4","","","","11743","0","0","xslF345X03/doc4.xml","FORM 4 SUBMISSION"
"0001564590-20-010661","2020-03-13","2020-03-12","2020-03-13T09:10:52.000Z","34","8-K","001-38017","20710882","5.02,9.01","177018","1","1","snap-8k_20200312.htm","8-K"
"0001209191-20-016366","2020-03-04","2020-03-02","2020-03-04T19:29:46.000Z","","4","","","","19502","0","0","xslF345X03/doc4.xml","FORM 4 SUBMISSION"
"0001209191-20-013587","2020-02-27","2020-02-25","2020-02-27T19:31:01.000Z","","4","","","","6849","0","0","xslF345X03/doc4.xml","FORM 4 SUBMISSION"
"0001209191-20-011312","2020-02-20","2020-02-18","2020-02-20T19:33:06.000Z","","4","","","","9506","0","0","xslF345X03/doc4.xml","FORM 4 SUBMISSION"
"0001209191-20-011311","2020-02-20","2020-02-18","2020-02-20T19:32:28.000Z","","4","","","","9509","0","0","xslF345X03/doc4.xml","FORM 4 SUBMISSION"
"0001209191-20-011310","2020-02-20","2020-02-18","2020-02-20T19:31:42.000Z","","4","","","","7886","0","0","xslF345X03/doc4.xml","FORM 4 SUBMISSION"
"0001209191-20-011309","2020-02-20","2020-02-18","2020-02-20T19:30:56.000Z","","4","","","","9531","0","0","xslF345X03/doc4.xml","FORM 4 SUBMISSION"
"0001209191-20-011307","2020-02-20","2020-02-20","2020-02-20T19:30:08.000Z","","4","","","","10121","0","0","xslF345X03/doc4.xml","FORM 4 SUBMISSION"
"0001209191-20-011306","2020-02-20","2020-02-18","2020-02-20T19:29:19.000Z","","4","","","","7387","0","0","xslF345X03/doc4.xml","FORM 4 SUBMISSION"
"0001209191-20-009430","2020-02-13","2020-02-11","2020-02-13T19:33:10.000Z","","4","","","","7386","0","0","xslF345X03/doc4.xml","FORM 4 SUBMISSION"
"0001104659-20-016337","2020-02-11","","2020-02-11T16:39:51.000Z","34","SC 13G","005-90293","20597220","","13707","0","0","tv0034-snapinc.htm","SCHEDULE 13G"
"0001209191-20-006743","2020-02-05","2019-12-31","2020-02-05T06:00:33.000Z","","5","","","","5875","0","0","xslF345X03/doc5.xml","FORM 5 SUBMISSION"
"0001564590-20-003328","2020-02-05","","2020-02-04T20:37:29.000Z","33","S-8","333-236257","20576020","","202334","0","0","snap-s8.htm","S-8"
"0001564590-20-003323","2020-02-05","2019-12-31","2020-02-04T20:14:00.000Z","34","10-K","001-38017","20575919","","19711944","1","1","snap-10k_20191231.htm","10-K"
"0001564590-20-003264","2020-02-04","2020-02-04","2020-02-04T16:29:24.000Z","34","8-K","001-38017","20574138","2.02,9.01","2094715","1","1","snap-8k_20200204.htm","8-K"
"0001209191-20-004371","2020-01-21","2020-01-17","2020-01-21T19:54:26.000Z","","4","","","","4843","0","0","xslF345X03/doc4.xml","FORM 4 SUBMISSION"
"0001209191-20-004370","2020-01-21","2020-01-16","2020-01-21T19:53:44.000Z","","4","","","","5448","0","0","xslF345X03/doc4.xml","FORM 4 SUBMISSION"
"0001209191-20-004369","2020-01-21","2020-01-16","2020-01-21T19:52:33.000Z","","4","","","","7264","0","0","xslF345X03/doc4.xml","FORM 4 SUBMISSION"
"0001209191-20-004367","2020-01-21","2020-01-16","2020-01-21T19:51:48.000Z","","4","","","","7176","0","0","xslF345X03/doc4.xml","FORM 4 SUBMISSION"
"0001209191-20-004366","2020-01-21","2020-01-16","2020-01-21T19:51:11.000Z","","4","","","","7180","0","0","xslF345X03/doc4.xml","FORM 4 SUBMISSION"
"0001209191-20-004364","2020-01-21","2020-01-16","2020-01-21T19:50:10.000Z","","4","","","","7285","0","0","xslF345X03/doc4.xml","FORM 4 SUBMISSION"
"0001209191-20-003558","2020-01-15","2020-01-13","2020-01-15T19:35:57.000Z","","4","","","","9907","0","0","xslF345X03/doc4.xml","FORM 4 SUBMISSION"
"0001209191-19-061653","2019-12-20","2019-12-19","2019-12-20T19:00:21.000Z","","4","","","","4835","0","0","xslF345X03/doc4.xml","FORM 4 SUBMISSION"
"0001209191-19-061652","2019-12-20","2019-12-19","2019-12-20T19:00:21.000Z","","4","","","","4831","0","0","xslF345X03/doc4.xml","FORM 4 SUBMISSION"
"0001209191-19-061197","2019-12-18","2019-12-17","2019-12-18T19:36:21.000Z","","4","","","","5379","0","0","xslF345X03/doc4.xml","FORM 4 SUBMISSION"
"0001209191-19-061196","2019-12-18","2019-12-16","2019-12-18T19:35:44.000Z","","4","","","","7354","0","0","xslF345X03/doc4.xml","FORM 4 SUBMISSION"
"0001209191-19-061195","2019-12-18","2019-12-16","2019-12-18T19:35:00.000Z","","4","","","","5458","0","0","xslF345X03/doc4.xml","FORM 4 SUBMISSION"
"0001209191-19-061194","2019-12-18","2019-12-16","2019-12-18T19:34:19.000Z","","4","","","","5463","0","0","xslF345X03/doc4.xml","FORM 4 SUBMISSION"
"0001209191-19-059178","2019-12-04","2019-12-02","2019-12-04T19:34:49.000Z","","4","","","","21079","0","0","xslF345X03/doc4.xml","FORM 4 SUBMISSION"
"0001209191-19-057517","2019-11-20","2019-11-18","2019-11-20T19:38:06.000Z","","4","","","","7895","0","0","xslF345X03/doc4.xml","FORM 4 SUBMISSION"
"0001209191-19-057515","2019-11-20","2019-11-18","2019-11-20T19:37:32.000Z","","4","","","","7869","0","0","xslF345X03/doc4.xml","FORM 4 SUBMISSION"
"0001209191-19-057514","2019-11-20","2019-11-18","2019-11-20T19:37:02.000Z","","4","","","","7177","0","0","xslF345X03/doc4.xml","FORM 4 SUBMISSION"
"0001209191-19-057512","2019-11-20","2019-11-18","2019-11-20T19:36:34.000Z","","4","","","","7182","0","0","xslF345X03/doc4.xml","FORM 4 SUBMISSION"
"0001209191-19-057509","2019-11-20","2019-11-18","2019-11-20T19:35:31.000Z","","4","","","","7285","0","0","xslF345X03/doc4.xml","FORM 4 SUBMISSION"
"0001209191-19-054546","2019-10-30","2019-10-28","2019-10-30T19:45:53.000Z","","4","","","","11745","0","0","xslF345X03/doc4.xml","FORM 4 SUBMISSION"
"0001564590-19-037449","2019-10-23","2019-09-30","2019-10-22T19:59:26.000Z","34","10-Q","001-38017","191162502","","12094080","1","1","snap-10q_20190930.htm","10-Q"
"0001564590-19-037399","2019-10-22","2019-10-22","2019-10-22T16:23:33.000Z","34","8-K","001-38017","191161941","2.02,9.01","2029918","1","1","snap-8k_20191022.htm","8-K"
"0001209191-19-053660","2019-10-18","2019-10-17","2019-10-18T19:39:32.000Z","","4","","","","5381","0","0","xslF345X03/doc4.xml","FORM 4 SUBMISSION"
"0001209191-19-053659","2019-10-18","2019-10-16","2019-10-18T19:38:50.000Z","","4","","","","7264","0","0","xslF345X03/doc4.xml","FORM 4 SUBMISSION"
"0001209191-19-053658","2019-10-18","2019-10-16","2019-10-18T19:38:05.000Z","","4","","","","7178","0","0","xslF345X03/doc4.xml","FORM 4 SUBMISSION"
"0001209191-19-053657","2019-10-18","2019-10-16","2019-10-18T19:37:18.000Z","","4","","","","7181","0","0","xslF345X03/doc4.xml","FORM 4 SUBMISSION"
"0001209191-19-053656","2019-10-18","2019-10-16","2019-10-18T19:36:27.000Z","","4","","","","7284","0","0","xslF345X03/doc4.xml","FORM 4 SUBMISSION"
"0001209191-19-050162","2019-09-18","2019-09-17","2019-09-18T19:29:08.000Z","","4","","","","5381","0","0","xslF345X03/doc4.xml","FORM 4 SUBMISSION"
"0001209191-19-050161","2019-09-18","2019-09-16","2019-09-18T19:28:23.000Z","","4","","","","7177","0","0","xslF345X03/doc4.xml","FORM 4 SUBMISSION"
"0001209191-19-050160","2019-09-18","2019-09-16","2019-09-18T19:27:41.000Z","","4","","","","7181","0","0","xslF345X03/doc4.xml","FORM 4 SUBMISSION"
"0001209191-19-050159","2019-09-18","2019-09-16","2019-09-18T19:27:05.000Z","","4","","","","8930","0","0","xslF345X03/doc4.xml","FORM 4 SUBMISSION"
"0001209191-19-049386","2019-09-12","2019-09-10","2019-09-12T19:36:56.000Z","","4","","","","5188","0","0","xslF345X03/doc4.xml","FORM 4 SUBMISSION"
"0001209191-19-048657","2019-09-05","2019-09-03","2019-09-05T19:50:30.000Z","","4","","","","18389","0","0","xslF345X03/doc4.xml","FORM 4 SUBMISSION"
"0001209191-19-048653","2019-09-05","2019-09-03","2019-09-05T19:27:48.000Z","","3","","","","6222","0","0","xslF345X02/doc3.xml","FORM 3 SUBMISSION"
"0001209191-19-046908","2019-08-20","2019-08-16","2019-08-20T19:44:33.000Z","","4","","","","7359","0","0","xslF345X03/doc4.xml","FORM 4 SUBMISSION"
"0001209191-19-046907","2019-08-20","2019-08-16","2019-08-20T19:43:18.000Z","","4","","","","7870","0","0","xslF345X03/doc4.xml","FORM 4 SUBMISSION"
"0001209191-19-046906","2019-08-20","2019-08-16","2019-08-20T19:42:19.000Z","","4","","","","7822","0","0","xslF345X03/doc4.xml","FORM 4 SUBMISSION"
"0001209191-19-046905","2019-08-20","2019-08-16","2019-08-20T19:39:54.000Z","","4","","","","5622","0","0","xslF345X03/doc4.xml","FORM 4 SUBMISSION"
"0001209191-19-046904","2019-08-20","2019-08-16","2019-08-20T19:36:42.000Z","","4","","","","7177","0","0","xslF345X03/doc4.xml","FORM 4 SUBMISSION"
"0001209191-19-046903","2019-08-20","2019-08-16","2019-08-20T19:36:15.000Z","","4","","","","7181","0","0","xslF345X03/doc4.xml","FORM 4 SUBMISSION"
"0001193125-19-218034","2019-08-09","2019-08-06","2019-08-09T16:30:12.000Z","34","8-K","001-38017","191013316","1.01,2.03,3.02,9.01","1240756","1","1","d772327d8k.htm","8-K"
"0001209191-19-043585","2019-07-29","2019-07-25","2019-07-29T19:45:29.000Z","","4","","","","9460","0","0","xslF345X03/doc4.xml","FORM 4 SUBMISSION"
"0001209191-19-043439","2019-07-26","2019-07-24","2019-07-26T20:54:08.000Z","","4","","","","11613","0","0","xslF345X03/doc4.xml","FORM 4 SUBMISSION"
"0001209191-19-043438","2019-07-26","2018-02-22","2019-07-26T20:53:23.000Z","","4/A","","","","12384","0","0","xslF345X03/doc4a.xml","FORM 4/A SUBMISSION"
"0001209191-19-043437","2019-07-26","2018-02-07","2019-07-26T20:51:35.000Z","","4/A","","","","5596","0","0","xslF345X03/doc4a.xml","FORM 4/A SUBMISSION"
"0001209191-19-043430","2019-07-26","2019-07-24","2019-07-26T19:25:11.000Z","","4","","","","4824","0","0","xslF345X03/doc4.xml","FORM 4 SUBMISSION"
"0001209191-19-043428","2019-07-26","2019-07-24","2019-07-26T19:24:14.000Z","","4","","","","4738","0","0","xslF345X03/doc4.xml","FORM 4 SUBMISSION"
"0001564590-19-025682","2019-07-24","2019-06-30","2019-07-23T19:23:08.000Z","34","10-Q","001-38017","19969002","","11210899","1","1","snap-10q_20190630.htm","10-Q"
"0001564590-19-025632","2019-07-23","2019-07-23","2019-07-23T16:25:51.000Z","34","8-K","001-38017","19968055","2.02,9.01","1785428","0","0","snap-8k_20190723.htm","8-K"
"0001209191-19-042832","2019-07-19","2019-07-18","2019-07-19T19:34:36.000Z","","4","","","","8204","0","0","xslF345X03/doc4.xml","FORM 4 SUBMISSION"
"0001209191-19-042831","2019-07-19","2019-07-18","2019-07-19T19:33:57.000Z","","4","","","","8188","0","0","xslF345X03/doc4.xml","FORM 4 SUBMISSION"
"0001209191-19-042830","2019-07-19","2019-07-18","2019-07-19T19:33:21.000Z","","4","","","","8176","0","0","xslF345X03/doc4.xml","FORM 4 SUBMISSION"
"0001209191-19-042829","2019-07-19","2019-07-18","2019-07-19T19:32:47.000Z","","4","","","","8147","0","0","xslF345X03/doc4.xml","FORM 4 SUBMISSION"
"0001209191-19-042828","2019-07-19","2019-07-18","2019-07-19T19:32:10.000Z","","4","","","","11096","0","0","xslF345X03/doc4.xml","FORM 4 SUBMISSION"
"0001209191-19-042827","2019-07-19","2019-07-18","2019-07-19T19:31:27.000Z","","4","","","","8177","0","0","xslF345X03/doc4.xml","FORM 4 SUBMISSION"
"0001209191-19-042826","2019-07-19","2019-07-18","2019-07-19T19:30:46.000Z","","4","","","","8160","0","0","xslF345X03/doc4.xml","FORM 4 SUBMISSION"
"0001209191-19-042713","2019-07-18","2019-07-16","2019-07-18T19:36:15.000Z","","4","","","","7263","0","0","xslF345X03/doc4.xml","FORM 4 SUBMISSION"
"0001209191-19-042710","2019-07-18","2019-07-16","2019-07-18T19:34:31.000Z","","4","","","","7176","0","0","xslF345X03/doc4.xml","FORM 4 SUBMISSION"
"0001209191-19-042708","2019-07-18","2019-07-16","2019-07-18T19:33:22.000Z","","4","","","","7180","0","0","xslF345X03/doc4.xml","FORM 4 SUBMISSION"
"0001209191-19-042706","2019-07-18","2019-07-16","2019-07-18T19:31:15.000Z","","4","","","","5565","0","0","xslF345X03/doc4.xml","FORM 4 SUBMISSION"
"0001209191-19-042704","2019-07-18","2019-07-16","2019-07-18T19:29:30.000Z","","4","","","","5553","0","0","xslF345X03/doc4.xml","FORM 4 SUBMISSION"
"0001209191-19-042702","2019-07-18","2019-07-17","2019-07-18T19:27:18.000Z","","4","","","","4820","0","0","xslF345X03/doc4.xml","FORM 4 SUBMISSION"
"0001564590-19-025097","2019-07-17","2019-07-15","2019-07-17T09:00:20.000Z","34","8-K","001-38017","19958280","5.02","29512","0","0","snap-8k_20190717.htm","8-K"
"0001209191-19-041645","2019-07-09","2019-07-05","2019-07-09T19:45:23.000Z","","4","","","","11560","0","0","xslF345X03/doc4.xml","FORM 4 SUBMISSION"
"0001564590-19-024074","2019-06-28","2019-06-28","2019-06-28T16:29:56.000Z","34","8-K","001-38017","19929792","8.01,9.01","126325","0","0","snap-8k_20190628.htm","8-K"
"0001209191-19-039370","2019-06-27","2019-06-25","2019-06-27T19:20:22.000Z","","4","","","","8822","0","0","xslF345X03/doc4.xml","FORM 4 SUBMISSION"
"0001209191-19-038846","2019-06-24","2019-06-20","2019-06-24T19:30:58.000Z","","4","","","","11128","0","0","xslF345X03/doc4.xml","FORM 4 SUBMISSION"
"0001209191-19-038656","2019-06-21","2019-06-20","2019-06-21T19:15:12.000Z","","4","","","","5352","0","0","xslF345X03/doc4.xml","FORM 4 SUBMISSION"
"0001209191-19-038654","2019-06-21","2019-06-20","2019-06-21T19:14:28.000Z","","4","","","","4830","0","0","xslF345X03/doc4.xml","FORM 4 SUBMISSION"
"0001209191-19-038653","2019-06-21","2019-06-20","2019-06-21T19:14:04.000Z","","4","","","","4834","0","0","xslF345X03/doc4.xml","FORM 4 SUBMISSION"
"0001209191-19-038155","2019-06-19","2019-06-17","2019-06-19T19:38:57.000Z","","4","","","","5566","0","0","xslF345X03/doc4.xml","FORM 4 SUBMISSION"
"0001209191-19-038154","2019-06-19","2019-06-17","2019-06-19T19:38:00.000Z","","4","","","","5461","0","0","xslF345X03/doc4.xml","FORM 4 SUBMISSION"
"0001209191-19-038152","2019-06-19","2019-06-17","2019-06-19T19:37:12.000Z","","4","","","","7806","0","0","xslF345X03/doc4.xml","FORM 4 SUBMISSION"
"0001209191-19-038151","2019-06-19","2019-06-17","2019-06-19T19:36:14.000Z","","4","","","","7803","0","0","xslF345X03/doc4.xml","FORM 4 SUBMISSION"
"0001209191-19-038150","2019-06-19","2019-06-17","2019-06-19T19:35:21.000Z","","4","","","","5546","0","0","xslF345X03/doc4.xml","FORM 4 SUBMISSION"
"0001209191-19-038149","2019-06-19","2019-06-17","2019-06-19T19:33:49.000Z","","4","","","","5458","0","0","xslF345X03/doc4.xml","FORM 4 SUBMISSION"
"0001209191-19-035672","2019-06-07","2019-06-05","2019-06-07T19:28:07.000Z","","4","","","","10483","0","0","xslF345X03/doc4.xml","FORM 4 SUBMISSION"
"0001209191-19-034955","2019-06-05","2019-06-03","2019-06-05T19:30:45.000Z","","4","","","","18040","0","0","xslF345X03/doc4.xml","FORM 4 SUBMISSION"
"0001209191-19-034080","2019-06-03","2019-05-30","2019-06-03T19:33:22.000Z","","4","","","","4834","0","0","xslF345X03/doc4.xml","FORM 4 SUBMISSION"
"0001209191-19-034079","2019-06-03","2019-05-30","2019-06-03T19:32:54.000Z","","4","","","","4836","0","0","xslF345X03/doc4.xml","FORM 4 SUBMISSION"
"0001564590-19-021262","2019-05-31","","2019-05-31T16:30:20.000Z","34","SD","001-38017","19870851","","139140","0","0","snap-sd.htm","SD"
"0001209191-19-032836","2019-05-24","2019-05-20","2019-05-24T20:07:41.000Z","","3","","","","8983","0","0","xslF345X02/doc3.xml","FORM 3 SUBMISSION"
"0001209191-19-031560","2019-05-20","2019-05-16","2019-05-20T19:46:30.000Z","","4","","","","7180","0","0","xslF345X03/doc4.xml","FORM 4 SUBMISSION"
"0001209191-19-031558","2019-05-20","2019-05-16","2019-05-20T19:44:25.000Z","","4","","","","7626","0","0","xslF345X03/doc4.xml","FORM 4 SUBMISSION"
"0001209191-19-031555","2019-05-20","2019-05-16","2019-05-20T19:42:47.000Z","","4","","","","9349","0","0","xslF345X03/doc4.xml","FORM 4 SUBMISSION"
"0001209191-19-031552","2019-05-20","2019-05-16","2019-05-20T19:40:34.000Z","","4","","","","9348","0","0","xslF345X03/doc4.xml","FORM 4 SUBMISSION"
"0001209191-19-031548","2019-05-20","2019-05-16","2019-05-20T19:38:23.000Z","","4","","","","6643","0","0","xslF345X03/doc4.xml","FORM 4 SUBMISSION"
"0001193125-19-151891","2019-05-20","2019-05-16","2019-05-20T17:05:55.000Z","34","8-K","001-38017","19839632","5.02,9.01","37046","0","0","d749172d8k.htm","8-K"
"0001209191-19-026495","2019-04-29","2019-04-25","2019-04-29T19:31:01.000Z","","4","","","","12758","0","0","xslF345X03/doc4.xml","FORM 4 SUBMISSION"
"0001209191-19-026041","2019-04-25","2019-04-23","2019-04-25T19:30:15.000Z","","4","","","","4833","0","0","xslF345X03/doc4.xml","FORM 4 SUBMISSION"
"0001564590-19-012579","2019-04-24","2019-03-31","2019-04-23T19:21:18.000Z","34","10-Q","001-38017","19762400","","7808943","1","0","snap-10q_20190331.htm","10-Q"
"0001564590-19-012516","2019-04-23","2019-04-23","2019-04-23T16:19:31.000Z","34","8-K","001-38017","19761772","2.02,9.01","1373638","0","0","snap-8k_20190423.htm","8-K"
"0001209191-19-025306","2019-04-18","2019-04-16","2019-04-18T19:43:02.000Z","","4","","","","7804","0","0","xslF345X03/doc4.xml","FORM 4 SUBMISSION"
"0001209191-19-025305","2019-04-18","2019-04-17","2019-04-18T19:42:34.000Z","","4","","","","4819","0","0","xslF345X03/doc4.xml","FORM 4 SUBMISSION"
"0001209191-19-025304","2019-04-18","2019-04-16","2019-04-18T19:42:04.000Z","","4","","","","7264","0","0","xslF345X03/doc4.xml","FORM 4 SUBMISSION"
"0001209191-19-025303","2019-04-18","2019-04-16","2019-04-18T19:41:39.000Z","","4","","","","7177","0","0","xslF345X03/doc4.xml","FORM 4 SUBMISSION"
"0001209191-19-025302","2019-04-18","2019-04-16","2019-04-18T19:41:15.000Z","","4","","","","7181","0","0","xslF345X03/doc4.xml","FORM 4 SUBMISSION"
"0001209191-19-023907","2019-04-05","2019-04-05","2019-04-05T19:41:28.000Z","","4","","","","4820","0","0","xslF345X03/doc4.xml","FORM 4 SUBMISSION"
"0001209191-19-023906","2019-04-05","2019-04-05","2019-04-05T19:41:01.000Z","","4","","","","4834","0","0","xslF345X03/doc4.xml","FORM 4 SUBMISSION"
"0001209191-19-020684","2019-03-20","2019-03-19","2019-03-20T19:47:16.000Z","","4","","","","4820","0","0","xslF345X03/doc4.xml","FORM 4 SUBMISSION"
"0001209191-19-020683","2019-03-20","2019-03-18","2019-03-20T19:46:48.000Z","","4","","","","7177","0","0","xslF345X03/doc4.xml","FORM 4 SUBMISSION"
"0001209191-19-020682","2019-03-20","2019-03-18","2019-03-20T19:46:22.000Z","","4","","","","7181","0","0","xslF345X03/doc4.xml","FORM 4 SUBMISSION"
"0001209191-19-019866","2019-03-15","2019-03-14","2019-03-15T19:53:09.000Z","","4","","","","9897","0","0","xslF345X03/doc4.xml","FORM 4 SUBMISSION"
"0001209191-19-017120","2019-03-05","2019-03-01","2019-03-05T20:00:37.000Z","","4","","","","22414","0","0","xslF345X03/doc4.xml","FORM 4 SUBMISSION"
"0001209191-19-015201","2019-03-01","2019-02-28","2019-03-01T19:05:00.000Z","","4","","","","4819","0","0","xslF345X03/doc4.xml","FORM 4 SUBMISSION"
"9999999997-19-000629","2019-02-28","","2019-02-28T11:03:28.000Z","34","CT ORDER","001-38017","19641237","20190228,20190228","90109","0","0","filename1.pdf",""
"0001209191-19-014231","2019-02-27","2019-02-25","2019-02-27T19:02:08.000Z","","4","","","","5355","0","0","xslF345X03/doc4.xml","FORM 4 SUBMISSION"
"0001209191-19-014229","2019-02-27","2019-02-25","2019-02-27T19:01:27.000Z","","4","","","","4830","0","0","xslF345X03/doc4.xml","FORM 4 SUBMISSION"
"0001209191-19-014228","2019-02-27","2019-02-25","2019-02-27T19:00:42.000Z","","4","","","","4833","0","0","xslF345X03/doc4.xml","FORM 4 SUBMISSION"
"0001209191-19-012312","2019-02-21","2019-02-19","2019-02-21T19:38:06.000Z","","4","","","","7262","0","0","xslF345X03/doc4.xml","FORM 4 SUBMISSION"
"0001209191-19-012311","2019-02-21","2019-02-19","2019-02-21T19:37:28.000Z","","4","","","","5548","0","0","xslF345X03/doc4.xml","FORM 4 SUBMISSION"
"0001209191-19-012309","2019-02-21","2019-02-19","2019-02-21T19:36:53.000Z","","4","","","","7796","0","0","xslF345X03/doc4.xml","FORM 4 SUBMISSION"
"0001209191-19-012307","2019-02-21","2019-02-19","2019-02-21T19:36:23.000Z","","4","","","","7706","0","0","xslF345X03/doc4.xml","FORM 4 SUBMISSION"
"0001209191-19-012306","2019-02-21","2019-02-19","2019-02-21T19:35:41.000Z","","4","","","","7711","0","0","xslF345X03/doc4.xml","FORM 4 SUBMISSION"
"0001209191-19-010433","2019-02-14","2018-12-31","2019-02-14T19:27:20.000Z","","5","","","","6333","0","0","xslF345X03/doc5.xml","FORM 5 SUBMISSION"
"0001144204-19-006153","2019-02-11","","2019-02-11T13:26:19.000Z","34","SC 13G/A","005-90293","19584196","","186122","0","0","tv512784_sc13ga.htm","SC 13G/A"
"0001564590-19-002144","2019-02-06","","2019-02-06T16:16:11.000Z","33","S-8","333-229530","19571756","","250290","0","0","snap-s8.htm","S-8"
"0001564590-19-002053","2019-02-06","2018-12-31","2019-02-05T21:29:53.000Z","34","10-K","001-38017","19569705","","17774203","1","0","snap-10k_20181231.htm","10-K"
"0001209191-19-007546","2019-02-05","2019-02-04","2019-02-05T19:35:26.000Z","","4","","","","7684","0","0","xslF345X03/doc4.xml","FORM 4 SUBMISSION"
"0001564590-19-002000","2019-02-05","2019-02-05","2019-02-05T16:23:07.000Z","34","8-K","001-38017","19568227","2.02,9.01","1729614","0","0","snap-8k_20190205.htm","8-K"
"0001564590-19-001229","2019-01-28","2019-01-15","2019-01-28T17:01:37.000Z","34","8-K/A","001-38017","19546183","5.02,9.01","43747","0","0","snap-8ka_20190115.htm","8-K/A"
"0001209191-19-004641","2019-01-18","2019-01-16","2019-01-18T19:19:54.000Z","","4","","","","5543","0","0","xslF345X03/doc4.xml","FORM 4 SUBMISSION"
"0001209191-19-004636","2019-01-18","2019-01-16","2019-01-18T19:11:02.000Z","","4","","","","5558","0","0","xslF345X03/doc4.xml","FORM 4 SUBMISSION"
"0001209191-19-004635","2019-01-18","2019-01-16","2019-01-18T19:10:22.000Z","","4","","","","7420","0","0","xslF345X03/doc4.xml","FORM 4 SUBMISSION"
"0001209191-19-004634","2019-01-18","2019-01-16","2019-01-18T19:06:47.000Z","","4","","","","5455","0","0","xslF345X03/doc4.xml","FORM 4 SUBMISSION"
"0001209191-19-004633","2019-01-18","2019-01-16","2019-01-18T19:06:19.000Z","","4","","","","5457","0","0","xslF345X03/doc4.xml","FORM 4 SUBMISSION"
"0001564590-19-000673","2019-01-15","2019-01-15","2019-01-15T17:17:12.000Z","34","8-K","001-38017","19527669","2.02,5.02","30437","0","0","snap-8k_20190115.htm","8-K"
"0001209191-19-003471","2019-01-11","2019-01-10","2019-01-11T19:28:01.000Z","","4","","","","7684","0","0","xslF345X03/doc4.xml","FORM 4 SUBMISSION"
"0001564590-18-031314","2018-12-21","2018-12-21","2018-12-21T16:26:20.000Z","34","8-K","001-38017","181249853","3.03,8.01","26962","0","0","snap-8k_20181221.htm","8-K"
"0001209191-18-063592","2018-12-19","2018-12-17","2018-12-19T20:00:03.000Z","","4","","","","7809","0","0","xslF345X03/doc4.xml","FORM 4 SUBMISSION"
"0001209191-18-063589","2018-12-19","2018-12-17","2018-12-19T19:59:28.000Z","","4","","","","9420","0","0","xslF345X03/doc4.xml","FORM 4 SUBMISSION"
"0001209191-18-062837","2018-12-14","2018-12-13","2018-12-14T20:37:10.000Z","","4","","","","5171","0","0","xslF345X03/doc4.xml","FORM 4 SUBMISSION"
"0001209191-18-062836","2018-12-14","2018-12-13","2018-12-14T20:34:27.000Z","","4","","","","5166","0","0","xslF345X03/doc4.xml","FORM 4 SUBMISSION"
"0001209191-18-062835","2018-12-14","2018-12-13","2018-12-14T20:31:47.000Z","","4","","","","5180","0","0","xslF345X03/doc4.xml","FORM 4 SUBMISSION"
"0001209191-18-061032","2018-12-04","2018-12-03","2018-12-04T18:32:00.000Z","","4","","","","8346","0","0","xslF345X03/doc4.xml","FORM 4 SUBMISSION"
"0001209191-18-059569","2018-11-20","2018-11-16","2018-11-20T18:35:41.000Z","","4","","","","5559","0","0","xslF345X03/doc4.xml","FORM 4 SUBMISSION"
"0001209191-18-059568","2018-11-20","2018-11-16","2018-11-20T18:35:07.000Z","","4","","","","7352","0","0","xslF345X03/doc4.xml","FORM 4 SUBMISSION"
"0001209191-18-059566","2018-11-20","2018-11-16","2018-11-20T18:34:32.000Z","","4","","","","5548","0","0","xslF345X03/doc4.xml","FORM 4 SUBMISSION"
"0001209191-18-059565","2018-11-20","2018-11-16","2018-11-20T18:33:44.000Z","","4","","","","7802","0","0","xslF345X03/doc4.xml","FORM 4 SUBMISSION"
"0001209191-18-059563","2018-11-20","2018-11-16","2018-11-20T18:33:15.000Z","","4","","","","5562","0","0","xslF345X03/doc4.xml","FORM 4 SUBMISSION"
"0001209191-18-057466","2018-11-06","2018-11-05","2018-11-06T19:05:29.000Z","","4","","","","5510","0","0","xslF345X03/doc4.xml","FORM 4 SUBMISSION"
"0001209191-18-057465","2018-11-06","2018-11-05","2018-11-06T19:04:47.000Z","","4","","","","5199","0","0","xslF345X03/doc4.xml","FORM 4 SUBMISSION"
"0001209191-18-057303","2018-11-05","2018-11-01","2018-11-05T19:21:43.000Z","","4","","","","5358","0","0","xslF345X03/doc4.xml","FORM 4 SUBMISSION"
"0001209191-18-057284","2018-11-05","2018-11-05","2018-11-05T19:02:07.000Z","","3","","","","6227","0","0","xslF345X02/doc3.xml","FORM 3 SUBMISSION"
"0001209191-18-057283","2018-11-05","2018-11-05","2018-11-05T19:01:40.000Z","","3","","","","6860","0","0","xslF345X02/doc3.xml","FORM 3 SUBMISSION"
"0001564590-18-025190","2018-10-26","2018-09-30","2018-10-25T20:38:13.000Z","34","10-Q","001-38017","181140116","","8487701","1","0","snap-10q_20180930.htm","10-Q"
"0001564590-18-025129","2018-10-25","2018-10-25","2018-10-25T16:18:15.000Z","34","8-K","001-38017","181139105","2.02,9.01","1715377","0","0","snap-8k_20181025.htm","8-K"
"0001209191-18-055449","2018-10-17","2018-10-16","2018-10-17T19:31:26.000Z","","4","","","","5510","0","0","xslF345X03/doc4.xml","FORM 4 SUBMISSION"
"0001209191-18-055448","2018-10-17","2018-10-16","2018-10-17T19:30:47.000Z","","4","","","","7353","0","0","xslF345X03/doc4.xml","FORM 4 SUBMISSION"
"0001209191-18-053864","2018-10-03","2018-10-01","2018-10-03T16:47:36.000Z","","4","","","","5358","0","0","xslF345X03/doc4.xml","FORM 4 SUBMISSION"
"0001209191-18-051696","2018-09-19","2018-09-17","2018-09-19T19:09:30.000Z","","4","","","","7353","0","0","xslF345X03/doc4.xml","FORM 4 SUBMISSION"
"0001193125-18-269517","2018-09-10","2018-09-06","2018-09-10T06:08:00.000Z","34","8-K","001-38017","181061367","5.02,9.01","26724","0","0","d603976d8k.htm","8-K"
"0001209191-18-049673","2018-09-05","2018-08-31","2018-09-05T19:24:45.000Z","","4","","","","19539","0","0","xslF345X03/doc4.xml","FORM 4 SUBMISSION"
"0001209191-18-049671","2018-09-05","2018-09-04","2018-09-05T19:21:40.000Z","","4","","","","5361","0","0","xslF345X03/doc4.xml","FORM 4 SUBMISSION"
"0001209191-18-047683","2018-08-20","2018-08-16","2018-08-20T18:48:36.000Z","","4","","","","5513","0","0","xslF345X03/doc4.xml","FORM 4 SUBMISSION"
"0001209191-18-047682","2018-08-20","2018-08-16","2018-08-20T18:47:26.000Z","","4","","","","7358","0","0","xslF345X03/doc4.xml","FORM 4 SUBMISSION"
"0001209191-18-047681","2018-08-20","2018-08-16","2018-08-20T18:46:52.000Z","","4","","","","5552","0","0","xslF345X03/doc4.xml","FORM 4 SUBMISSION"
"0001209191-18-047680","2018-08-20","2018-08-16","2018-08-20T18:46:24.000Z","","4","","","","13915","0","0","xslF345X03/doc4.xml","FORM 4 SUBMISSION"
"0001209191-18-047679","2018-08-20","2018-08-16","2018-08-20T18:45:51.000Z","","4","","","","7808","0","0","xslF345X03/doc4.xml","FORM 4 SUBMISSION"
"0001564590-18-021473","2018-08-13","2018-08-13","2018-08-13T16:30:56.000Z","34","8-K","001-38017","181012615","1.01,9.01","101410","0","0","snap-8k_20180813.htm","8-K"
"0001209191-18-046304","2018-08-10","2018-08-09","2018-08-10T18:20:25.000Z","","4","","","","5348","0","0","xslF345X03/doc4.xml","FORM 4 SUBMISSION"
"0001564590-18-020094","2018-08-08","2018-06-30","2018-08-07T19:00:57.000Z","34","10-Q","001-38017","18999496","","8558587","1","0","snap-10q_20180630.htm","10-Q"
"0001564590-18-019962","2018-08-07","2018-08-07","2018-08-07T16:22:13.000Z","34","8-K","001-38017","18998409","2.02,9.01","1577446","0","0","snap-8k_20180807.htm","8-K"
"0001209191-18-045409","2018-08-03","2018-08-02","2018-08-03T18:34:17.000Z","","4","","","","8109","0","0","xslF345X03/doc4.xml","FORM 4 SUBMISSION"
"0001209191-18-045408","2018-08-03","2018-08-02","2018-08-03T18:33:11.000Z","","4","","","","8084","0","0","xslF345X03/doc4.xml","FORM 4 SUBMISSION"
"0001209191-18-045407","2018-08-03","2018-08-02","2018-08-03T18:32:03.000Z","","4","","","","8105","0","0","xslF345X03/doc4.xml","FORM 4 SUBMISSION"
"0001209191-18-045406","2018-08-03","2018-08-02","2018-08-03T18:31:28.000Z","","4","","","","8076","0","0","xslF345X03/doc4.xml","FORM 4 SUBMISSION"
"0001209191-18-045405","2018-08-03","2018-08-02","2018-08-03T18:30:49.000Z","","4","","","","11019","0","0","xslF345X03/doc4.xml","FORM 4 SUBMISSION"
"0001209191-18-045404","2018-08-03","2018-08-02","2018-08-03T18:30:15.000Z","","4","","","","8120","0","0","xslF345X03/doc4.xml","FORM 4 SUBMISSION"
"0001209191-18-045403","2018-08-03","2018-08-02","2018-08-03T18:29:39.000Z","","4","","","","8080","0","0","xslF345X03/doc4.xml","FORM 4 SUBMISSION"
"0001209191-18-045114","2018-08-02","2018-08-02","2018-08-02T19:31:16.000Z","","3","","","","6102","0","0","xslF345X02/doc3.xml","FORM 3 SUBMISSION"
"0001209191-18-044614","2018-07-31","2018-07-31","2018-07-31T19:13:07.000Z","","4","","","","6358","0","0","xslF345X03/doc4.xml","FORM 4 SUBMISSION"
"0001209191-18-043902","2018-07-25","2018-07-24","2018-07-25T16:45:12.000Z","","4","","","","6357","0","0","xslF345X03/doc4.xml","FORM 4 SUBMISSION"
"0001209191-18-042933","2018-07-17","2018-07-16","2018-07-17T19:39:53.000Z","","4","","","","5426","0","0","xslF345X03/doc4.xml","FORM 4 SUBMISSION"
"0001209191-18-042931","2018-07-17","2018-07-16","2018-07-17T19:32:23.000Z","","4","","","","5550","0","0","xslF345X03/doc4.xml","FORM 4 SUBMISSION"
"0001209191-18-042880","2018-07-17","2018-07-17","2018-07-17T17:20:39.000Z","","4","","","","6358","0","0","xslF345X03/doc4.xml","FORM 4 SUBMISSION"
"0001209191-18-042305","2018-07-11","2018-07-10","2018-07-11T16:04:15.000Z","","4","","","","6358","0","0","xslF345X03/doc4.xml","FORM 4 SUBMISSION"
"0001564590-18-016651","2018-07-06","2018-07-02","2018-07-06T16:42:01.000Z","34","8-K","001-38017","18942848","5.02,8.01,9.01","133037","0","0","snap-8k_20180702.htm","8-K"
"0001209191-18-041130","2018-07-03","2018-07-03","2018-07-03T16:43:35.000Z","","4","","","","6358","0","0","xslF345X03/doc4.xml","FORM 4 SUBMISSION"
"0001209191-18-039696","2018-06-27","2018-06-26","2018-06-27T17:53:17.000Z","","4","","","","6358","0","0","xslF345X03/doc4.xml","FORM 4 SUBMISSION"
"0001209191-18-038869","2018-06-20","2018-06-19","2018-06-20T18:37:15.000Z","","4","","","","6358","0","0","xslF345X03/doc4.xml","FORM 4 SUBMISSION"
"0001209191-18-037447","2018-06-13","2018-06-12","2018-06-13T16:08:14.000Z","","4","","","","6358","0","0","xslF345X03/doc4.xml","FORM 4 SUBMISSION"
"0001209191-18-035880","2018-06-05","2018-06-05","2018-06-05T17:45:26.000Z","","4","","","","6358","0","0","xslF345X03/doc4.xml","FORM 4 SUBMISSION"
"0001209191-18-034887","2018-06-01","2018-06-01","2018-06-01T20:29:12.000Z","","4","","","","17939","0","0","xslF345X03/doc4.xml","FORM 4 SUBMISSION"
"0001209191-18-034882","2018-06-01","2018-05-31","2018-06-01T20:18:18.000Z","","4","","","","8254","0","0","xslF345X03/doc4.xml","FORM 4 SUBMISSION"
"0001564590-18-014818","2018-05-31","","2018-05-31T16:14:03.000Z","34","SD","001-38017","18871746","","139316","0","0","snap-sd.htm","SD"
"0001209191-18-034341","2018-05-31","2018-05-29","2018-05-31T16:05:45.000Z","","4","","","","6358","0","0","xslF345X03/doc4.xml","FORM 4 SUBMISSION"
"0001209191-18-032749","2018-05-23","2018-05-22","2018-05-23T18:43:06.000Z","","4","","","","6358","0","0","xslF345X03/doc4.xml","FORM 4 SUBMISSION"
"0001209191-18-032707","2018-05-23","2018-05-16","2018-05-23T18:03:23.000Z","","3","","","","6256","0","0","xslF345X02/doc3.xml","FORM 3 SUBMISSION"
"9999999997-18-005825","2018-05-22","","2018-05-22T15:30:47.000Z","34","CT ORDER","001-38017","18852269","20180522,20180522","10877","0","0","filename1.pdf",""
"0001209191-18-031554","2018-05-18","2018-05-16","2018-05-18T18:11:48.000Z","","4","","","","6746","0","0","xslF345X03/doc4.xml","FORM 4 SUBMISSION"
"0001209191-18-031550","2018-05-18","2018-05-16","2018-05-18T18:09:36.000Z","","4","","","","5582","0","0","xslF345X03/doc4.xml","FORM 4 SUBMISSION"
"0001209191-18-031545","2018-05-18","2018-05-16","2018-05-18T18:07:10.000Z","","4","","","","14158","0","0","xslF345X03/doc4.xml","FORM 4 SUBMISSION"
"0001209191-18-031539","2018-05-18","2018-05-16","2018-05-18T18:04:19.000Z","","4","","","","9113","0","0","xslF345X03/doc4.xml","FORM 4 SUBMISSION"
"0001209191-18-030656","2018-05-16","2018-05-15","2018-05-16T18:04:13.000Z","","4","","","","6358","0","0","xslF345X03/doc4.xml","FORM 4 SUBMISSION"
"0001209191-18-028685","2018-05-08","2018-05-08","2018-05-08T18:02:42.000Z","","4","","","","6358","0","0","xslF345X03/doc4.xml","FORM 4 SUBMISSION"
"0001193125-18-154437","2018-05-07","2018-05-04","2018-05-07T16:11:02.000Z","34","8-K","001-38017","18811337","5.02,9.01","47722","0","0","d557012d8k.htm","8-K"
"0001209191-18-027335","2018-05-02","2018-05-01","2018-05-02T16:20:20.000Z","","4","","","","6358","0","0","xslF345X03/doc4.xml","FORM 4 SUBMISSION"
"0000950123-18-004030","2018-05-02","","2018-05-01T19:29:48.000Z","33","S-3ASR","333-224592","18797170","","1774148","0","0","snap-s3asr.htm","FORM S-3ASR"
"0001564590-18-010085","2018-05-02","","2018-05-01T19:26:28.000Z","33","S-8","333-224591","18797166","","447654","0","0","snap-s8.htm","S-8"
"0001564590-18-010080","2018-05-02","2018-03-31","2018-05-01T18:56:55.000Z","34","10-Q","001-38017","18797059","","7023180","1","0","snap-10q_20180331.htm","10-Q"
"0001564590-18-010031","2018-05-01","2018-05-01","2018-05-01T16:25:18.000Z","34","8-K","001-38017","18795864","2.02,9.01","569439","0","0","snap-8k_20180331.htm","8K"
"0001209191-18-026111","2018-04-25","2018-04-24","2018-04-25T16:57:25.000Z","","4","","","","6358","0","0","xslF345X03/doc4.xml","FORM 4 SUBMISSION"
"0001209191-18-025749","2018-04-20","2018-04-19","2018-04-20T18:31:46.000Z","","4","","","","6560","0","0","xslF345X03/doc4.xml","FORM 4 SUBMISSION"
"0001209191-18-025491","2018-04-18","2018-04-16","2018-04-18T21:02:14.000Z","","4","","","","7221","0","0","xslF345X03/doc4.xml","FORM 4 SUBMISSION"
"0001209191-18-025489","2018-04-18","2018-04-16","2018-04-18T21:00:40.000Z","","4","","","","6539","0","0","xslF345X03/doc4.xml","FORM 4 SUBMISSION"
"0001209191-18-025237","2018-04-17","2018-04-17","2018-04-17T18:09:38.000Z","","4","","","","6358","0","0","xslF345X03/doc4.xml","FORM 4 SUBMISSION"
"0001209191-18-024555","2018-04-10","2018-04-10","2018-04-10T18:34:24.000Z","","4","","","","6358","0","0","xslF345X03/doc4.xml","FORM 4 SUBMISSION"
"0001209191-18-023851","2018-04-04","2018-04-03","2018-04-04T17:40:26.000Z","","4","","","","8620","0","0","xslF345X03/doc4.xml","FORM 4 SUBMISSION"
"0001564590-18-007282","2018-03-30","2018-03-30","2018-03-30T17:14:10.000Z","34","8-K","001-38017","18726642","7.01","30604","0","0","snap-8k_20180330.htm","8-K"
"0001209191-18-021803","2018-03-27","2018-03-27","2018-03-27T17:39:37.000Z","","4","","","","6358","0","0","xslF345X03/doc4.xml","FORM 4 SUBMISSION"
"0001209191-18-021070","2018-03-21","2018-03-20","2018-03-21T16:16:28.000Z","","4","","","","6358","0","0","xslF345X03/doc4.xml","FORM 4 SUBMISSION"
"0001209191-18-020998","2018-03-20","2018-03-16","2018-03-20T20:00:35.000Z","","4","","","","6534","0","0","xslF345X03/doc4.xml","FORM 4 SUBMISSION"
"9999999997-18-003264","2018-03-20","","2018-03-20T11:13:01.000Z","34","CT ORDER","001-38017","18701058","20180320,20180320","14799","0","0","filename1.pdf",""
"0001209191-18-019860","2018-03-15","2018-03-13","2018-03-15T16:36:41.000Z","","4","","","","6358","0","0","xslF345X03/doc4.xml","FORM 4 SUBMISSION"
"0001209191-18-017436","2018-03-06","2018-03-06","2018-03-06T18:08:25.000Z","","4","","","","6358","0","0","xslF345X03/doc4.xml","FORM 4 SUBMISSION"
"0001209191-18-016092","2018-03-02","2018-03-01","2018-03-02T21:30:53.000Z","","4","","","","17941","0","0","xslF345X03/doc4.xml","FORM 4 SUBMISSION"
"0001209191-18-014772","2018-03-01","2018-02-27","2018-03-01T09:31:52.000Z","","4","","","","8621","0","0","xslF345X03/doc4.xml","FORM 4 SUBMISSION"
"0001209191-18-013197","2018-02-23","2018-02-22","2018-02-23T21:31:49.000Z","","4","","","","7869","0","0","xslF345X03/doc4.xml","FORM 4 SUBMISSION"
"0001564590-18-002721","2018-02-22","2017-12-31","2018-02-21T17:44:44.000Z","34","10-K","001-38017","18629753","","16358877","1","0","snap-10k_20171231.htm","10-K"
"0001209191-18-011779","2018-02-20","2018-02-16","2018-02-20T21:34:11.000Z","","4","","","","9134","0","0","xslF345X03/doc4.xml","FORM 4 SUBMISSION"
"0001209191-18-011778","2018-02-20","2018-02-16","2018-02-20T21:33:01.000Z","","4","","","","9113","0","0","xslF345X03/doc4.xml","FORM 4 SUBMISSION"
"0001209191-18-011777","2018-02-20","2018-02-16","2018-02-20T21:31:57.000Z","","4","","","","6404","0","0","xslF345X03/doc4.xml","FORM 4 SUBMISSION"
"0001209191-18-011776","2018-02-20","2018-02-15","2018-02-20T21:30:52.000Z","","4","","","","16061","0","0","xslF345X03/doc4.xml","FORM 4 SUBMISSION"
"0001209191-18-011507","2018-02-20","2018-02-20","2018-02-20T18:05:41.000Z","","4","","","","8622","0","0","xslF345X03/doc4.xml","FORM 4 SUBMISSION"
"0001209191-18-011088","2018-02-16","2018-02-14","2018-02-16T21:30:57.000Z","","4","","","","11637","0","0","xslF345X03/doc4.xml","FORM 4 SUBMISSION"
"0001209191-18-010223","2018-02-14","2017-12-31","2018-02-14T21:32:31.000Z","","5","","","","12851","0","0","xslF345X03/doc5.xml","FORM 5 SUBMISSION"
"0001209191-18-010221","2018-02-14","2017-12-31","2018-02-14T21:30:46.000Z","","5","","","","9811","0","0","xslF345X03/doc5.xml","FORM 5 SUBMISSION"
"0001209191-18-010017","2018-02-14","2018-02-13","2018-02-14T17:37:02.000Z","","4","","","","6358","0","0","xslF345X03/doc4.xml","FORM 4 SUBMISSION"
"0001209191-18-009032","2018-02-09","2018-02-07","2018-02-09T21:33:07.000Z","","4","","","","8003","0","0","xslF345X03/doc4.xml","FORM 4 SUBMISSION"
"0001209191-18-009031","2018-02-09","2018-02-07","2018-02-09T21:32:00.000Z","","4","","","","5253","0","0","xslF345X03/doc4.xml","FORM 4 SUBMISSION"
"0001209191-18-009030","2018-02-09","2018-02-07","2018-02-09T21:31:00.000Z","","4","","","","5062","0","0","xslF345X03/doc4.xml","FORM 4 SUBMISSION"
"0001209191-18-009010","2018-02-09","2018-02-07","2018-02-09T19:13:50.000Z","","4","","","","14134","0","0","xslF345X03/doc4.xml","FORM 4 SUBMISSION"
"0001209191-18-008184","2018-02-07","2018-02-06","2018-02-07T17:39:10.000Z","","4","","","","8096","0","0","xslF345X03/doc4.xml","FORM 4 SUBMISSION"
"0001564590-18-001409","2018-02-06","2018-02-06","2018-02-06T16:20:32.000Z","34","8-K","001-38017","18577843","2.02,9.01","886140","0","0","snap-8k_20180206.htm","8-K"
"0001144204-18-005776","2018-02-05","","2018-02-05T17:17:00.000Z","34","SC 13G","005-90293","18575192","","233506","0","0","tv484728_sc13g.htm","SC 13G"
"0001209191-18-006078","2018-01-30","2018-01-30","2018-01-30T17:51:40.000Z","","4","","","","8096","0","0","xslF345X03/doc4.xml","FORM 4 SUBMISSION"
"0001209191-18-005442","2018-01-25","2018-01-23","2018-01-25T17:26:03.000Z","","4","","","","8096","0","0","xslF345X03/doc4.xml","FORM 4 SUBMISSION"
"0001209191-18-004434","2018-01-18","2018-01-16","2018-01-18T21:31:08.000Z","","4","","","","6536","0","0","xslF345X03/doc4.xml","FORM 4 SUBMISSION"
"0001209191-18-003649","2018-01-16","2018-01-16","2018-01-16T17:30:06.000Z","","4","","","","8095","0","0","xslF345X03/doc4.xml","FORM 4 SUBMISSION"
"0001209191-18-003214","2018-01-10","2018-01-01","2018-01-10T21:30:32.000Z","","3","","","","9853","0","0","xslF345X02/doc3.xml","FORM 3 SUBMISSION"
"0001209191-18-002978","2018-01-09","2018-01-09","2018-01-09T17:10:42.000Z","","4","","","","8096","0","0","xslF345X03/doc4.xml","FORM 4 SUBMISSION"
"0001209191-18-001591","2018-01-03","2017-12-29","2018-01-03T21:31:39.000Z","","4","","","","7758","0","0","xslF345X03/doc4.xml","FORM 4 SUBMISSION"
"0001209191-18-000887","2018-01-03","2018-01-02","2018-01-03T16:24:18.000Z","","4","","","","8096","0","0","xslF345X03/doc4.xml","FORM 4 SUBMISSION"
"0001209191-17-067216","2017-12-26","2017-12-26","2017-12-26T16:35:27.000Z","","4","","","","8097","0","0","xslF345X03/doc4.xml","FORM 4 SUBMISSION"
"0001209191-17-066577","2017-12-19","2017-12-18","2017-12-19T21:32:09.000Z","","4","","","","6610","0","0","xslF345X03/doc4.xml","FORM 4 SUBMISSION"
"0001209191-17-066576","2017-12-19","2017-12-18","2017-12-19T21:30:23.000Z","","4","","","","9672","0","0","xslF345X03/doc4.xml","FORM 4 SUBMISSION"
"0001209191-17-066517","2017-12-19","2017-12-19","2017-12-19T19:07:16.000Z","","4","","","","8097","0","0","xslF345X03/doc4.xml","FORM 4 SUBMISSION"
"0001209191-17-065243","2017-12-12","2017-12-12","2017-12-12T17:37:13.000Z","","4","","","","8097","0","0","xslF345X03/doc4.xml","FORM 4 SUBMISSION"
"0001209191-17-064582","2017-12-07","2017-12-05","2017-12-07T21:32:53.000Z","","4","","","","5063","0","0","xslF345X03/doc4.xml","FORM 4 SUBMISSION"
"0001209191-17-064581","2017-12-07","2017-12-05","2017-12-07T21:31:47.000Z","","4","","","","5255","0","0","xslF345X03/doc4.xml","FORM 4 SUBMISSION"
"0001209191-17-064401","2017-12-07","2017-12-05","2017-12-07T16:05:56.000Z","","4","","","","8097","0","0","xslF345X03/doc4.xml","FORM 4 SUBMISSION"
"0001209191-17-064304","2017-12-06","2017-12-04","2017-12-06T21:31:11.000Z","","4","","","","14742","0","0","xslF345X03/doc4.xml","FORM 4 SUBMISSION"
"0001209191-17-063349","2017-12-01","2017-11-30","2017-12-01T21:32:12.000Z","","4","","","","18269","0","0","xslF345X03/doc4.xml","FORM 4 SUBMISSION"
"0001209191-17-063132","2017-11-30","2017-11-28","2017-11-30T21:30:51.000Z","","4","","","","5063","0","0","xslF345X03/doc4.xml","FORM 4 SUBMISSION"
"0001209191-17-063012","2017-11-30","2017-11-28","2017-11-30T16:03:13.000Z","","4","","","","8096","0","0","xslF345X03/doc4.xml","FORM 4 SUBMISSION"
"0001209191-17-062443","2017-11-24","2017-11-21","2017-11-24T14:04:52.000Z","","4","","","","8096","0","0","xslF345X03/doc4.xml","FORM 4 SUBMISSION"
"0001209191-17-061915","2017-11-20","2017-11-16","2017-11-20T21:33:02.000Z","","4","","","","14203","0","0","xslF345X03/doc4.xml","FORM 4 SUBMISSION"
"0001209191-17-061914","2017-11-20","2017-11-16","2017-11-20T21:31:51.000Z","","4","","","","10460","0","0","xslF345X03/doc4.xml","FORM 4 SUBMISSION"
"0001209191-17-061913","2017-11-20","2017-11-16","2017-11-20T21:30:35.000Z","","4","","","","6406","0","0","xslF345X03/doc4.xml","FORM 4 SUBMISSION"
"0001209191-17-061671","2017-11-17","2017-11-15","2017-11-17T21:47:50.000Z","","4","","","","5255","0","0","xslF345X03/doc4.xml","FORM 4 SUBMISSION"
"0001209191-17-061670","2017-11-17","2017-11-07","2017-11-17T21:45:44.000Z","","3","","","","9069","0","0","xslF345X02/doc3.xml","FORM 3 SUBMISSION"
"0001209191-17-061337","2017-11-16","2017-11-14","2017-11-16T20:05:05.000Z","","4","","","","7954","0","0","xslF345X03/doc4.xml","FORM 4 SUBMISSION"
"9999999997-17-009933","2017-11-16","","2017-11-16T13:23:50.000Z","34","CT ORDER","001-38017","171207554","20171116,20171116","14711","0","0","filename1.pdf",""
"0001209191-17-060782","2017-11-14","2017-11-09","2017-11-14T21:30:34.000Z","","4","","","","18038","0","0","xslF345X03/doc4.xml","FORM 4 SUBMISSION"
"0001564590-17-022434","2017-11-08","2017-09-30","2017-11-07T21:21:02.000Z","34","10-Q","001-38017","171184901","","9578407","1","0","snap-10q_20170930.htm","10-Q"
"0001564590-17-022258","2017-11-07","2017-11-07","2017-11-07T16:20:32.000Z","34","8-K","001-38017","171183630","2.02,9.01","883600","0","0","snap-8k_20171107.htm","8-K"
"0001209191-17-059342","2017-11-03","2017-11-02","2017-11-03T21:33:45.000Z","","4","","","","10213","0","0","xslF345X03/doc4.xml","FORM 4 SUBMISSION"
"0001209191-17-059341","2017-11-03","2017-11-02","2017-11-03T21:32:26.000Z","","4","","","","15716","0","0","xslF345X03/doc4.xml","FORM 4 SUBMISSION"
"0001209191-17-056064","2017-10-04","2017-10-02","2017-10-04T21:30:35.000Z","","4","","","","15715","0","0","xslF345X03/doc4.xml","FORM 4 SUBMISSION"
"0001209191-17-053667","2017-09-21","2017-09-19","2017-09-21T21:30:40.000Z","","4","","","","5266","0","0","xslF345X03/doc4.xml","FORM 4 SUBMISSION"
"0001209191-17-053237","2017-09-18","2017-09-15","2017-09-18T21:31:54.000Z","","4","","","","5004","0","0","xslF345X03/doc4.xml","FORM 4 SUBMISSION"
"0001209191-17-053236","2017-09-18","2017-09-15","2017-09-18T21:30:35.000Z","","4","","","","5002","0","0","xslF345X03/doc4.xml","FORM 4 SUBMISSION"
"0001209191-17-052173","2017-09-08","2017-09-08","2017-09-08T21:33:25.000Z","","4","","","","5540","0","0","xslF345X03/doc4.xml","FORM 4 SUBMISSION"
"0001209191-17-052172","2017-09-08","2017-09-08","2017-09-08T21:32:19.000Z","","4","","","","7084","0","0","xslF345X03/doc4.xml","FORM 4 SUBMISSION"
"0001209191-17-052171","2017-09-08","2017-09-05","2017-09-08T21:30:40.000Z","","4","","","","15717","0","0","xslF345X03/doc4.xml","FORM 4 SUBMISSION"
"0001209191-17-050351","2017-08-25","2017-08-23","2017-08-25T21:35:45.000Z","","4","","","","9338","0","0","xslF345X03/doc4.xml","FORM 4 SUBMISSION"
"0001209191-17-050350","2017-08-25","2017-08-23","2017-08-25T21:33:49.000Z","","4","","","","4777","0","0","xslF345X03/doc4.xml","FORM 4 SUBMISSION"
"0001209191-17-050349","2017-08-25","2017-08-23","2017-08-25T21:32:16.000Z","","4","","","","15985","0","0","xslF345X03/doc4.xml","FORM 4 SUBMISSION"
"0001209191-17-050348","2017-08-25","2017-08-14","2017-08-25T21:30:40.000Z","","4/A","","","","16123","0","0","xslF345X03/doc4a.xml","FORM 4/A SUBMISSION"
"0001209191-17-050237","2017-08-24","2017-08-22","2017-08-24T21:30:48.000Z","","4","","","","5063","0","0","xslF345X03/doc4.xml","FORM 4 SUBMISSION"
"0001209191-17-049671","2017-08-18","2017-08-16","2017-08-18T20:03:46.000Z","","4","","","","5063","0","0","xslF345X03/doc4.xml","FORM 4 SUBMISSION"
"0001209191-17-049670","2017-08-18","2017-08-16","2017-08-18T20:02:08.000Z","","4","","","","5310","0","0","xslF345X03/doc4.xml","FORM 4 SUBMISSION"
"0001209191-17-049310","2017-08-16","2017-08-14","2017-08-16T20:02:55.000Z","","4","","","","5264","0","0","xslF345X03/doc4.xml","FORM 4 SUBMISSION"
"0001209191-17-049308","2017-08-16","2017-08-14","2017-08-16T20:01:39.000Z","","4","","","","5258","0","0","xslF345X03/doc4.xml","FORM 4 SUBMISSION"
"0001209191-17-049307","2017-08-16","2017-08-14","2017-08-16T20:00:21.000Z","","4","","","","5267","0","0","xslF345X03/doc4.xml","FORM 4 SUBMISSION"
"0001193125-17-254869","2017-08-11","","2017-08-10T21:54:23.000Z","33","S-8","333-219899","171022819","","302091","0","0","d433010ds8.htm","FORM S-8"
"0001564590-17-017303","2017-08-11","2017-06-30","2017-08-10T19:59:25.000Z","34","10-Q","001-38017","171022716","","8808995","1","0","snap-10q_20170630.htm","10-Q"
"0001209191-17-048489","2017-08-10","2017-07-19","2017-08-10T21:50:20.000Z","","4","","","","14420","0","0","xslF345X03/doc4.xml","FORM 4 SUBMISSION"
"0001209191-17-048487","2017-08-10","2017-07-19","2017-08-10T21:46:34.000Z","","4/A","","","","11248","0","0","xslF345X03/doc4a.xml","FORM 4/A SUBMISSION"
"0001564590-17-017244","2017-08-10","2017-08-10","2017-08-10T16:17:05.000Z","34","8-K","001-38017","171021659","2.02,9.01","848848","0","0","snap-8k_20170810.htm","8-K"
"0001209191-17-047967","2017-08-07","2017-08-01","2017-08-07T19:01:48.000Z","","3","","","","6155","0","0","xslF345X02/doc3.xml","FORM 3 SUBMISSION"
"0001209191-17-046984","2017-08-01","2017-07-31","2017-08-01T19:18:48.000Z","","4","","","","10875","0","0","xslF345X03/doc4.xml","FORM 4 SUBMISSION"
"0001209191-17-046982","2017-08-01","2017-07-29","2017-08-01T19:14:44.000Z","","4","","","","7354","0","0","xslF345X03/doc4.xml","FORM 4 SUBMISSION"
"0001209191-17-046980","2017-08-01","2017-07-29","2017-08-01T19:11:46.000Z","","4","","","","7392","0","0","xslF345X03/doc4.xml","FORM 4 SUBMISSION"
"0001209191-17-046978","2017-08-01","2017-07-29","2017-08-01T19:09:48.000Z","","4","","","","7337","0","0","xslF345X03/doc4.xml","FORM 4 SUBMISSION"
"0001209191-17-046976","2017-08-01","2017-07-29","2017-08-01T19:06:38.000Z","","4","","","","4998","0","0","xslF345X03/doc4.xml","FORM 4 SUBMISSION"
"0001564590-17-010357","2017-05-11","2017-03-31","2017-05-10T18:12:58.000Z","34","10-Q","001-38017","17831859","","7394374","1","0","snap-10q_20170331.htm","10-Q"
"0001564590-17-010246","2017-05-10","2017-05-10","2017-05-10T16:12:49.000Z","34","8-K","001-38017","17830367","2.02,9.01","547946","0","0","snap-8k_20170510.htm","8-K"
"0001209191-17-030470","2017-05-05","2017-05-05","2017-05-05T20:50:02.000Z","","4","","","","5086","0","0","xslF345X03/doc4.xml","FORM 4 SUBMISSION"
"0001209191-17-019739","2017-03-09","2017-03-07","2017-03-09T21:24:23.000Z","","4","","","","17780","0","0","xslF345X03/doc4.xml","FORM 4 SUBMISSION"
"0001209191-17-019738","2017-03-09","2017-03-07","2017-03-09T21:21:53.000Z","","4","","","","12649","0","0","xslF345X03/doc4.xml","FORM 4 SUBMISSION"
"0001209191-17-019737","2017-03-09","2017-03-07","2017-03-09T21:20:33.000Z","","4","","","","18279","0","0","xslF345X03/doc4.xml","FORM 4 SUBMISSION"
"0001209191-17-019736","2017-03-09","2017-03-07","2017-03-09T21:18:49.000Z","","4","","","","13784","0","0","xslF345X03/doc4.xml","FORM 4 SUBMISSION"
"0001193125-17-072318","2017-03-07","","2017-03-07T06:15:03.000Z","33","S-8","333-216495","17669558","","1604010","0","0","d325611ds8.htm","S-8"
"0001209191-17-018103","2017-03-03","2017-03-01","2017-03-03T21:35:48.000Z","","4","","","","5329","0","0","xslF345X03/doc4.xml","FORM 4 SUBMISSION"
"0001209191-17-018102","2017-03-03","2017-03-01","2017-03-03T21:34:07.000Z","","4","","","","7668","0","0","xslF345X03/doc4.xml","FORM 4 SUBMISSION"
"0001209191-17-018101","2017-03-03","2017-03-01","2017-03-03T21:32:17.000Z","","4","","","","7722","0","0","xslF345X03/doc4.xml","FORM 4 SUBMISSION"
"0001209191-17-018097","2017-03-03","2017-03-01","2017-03-03T21:30:22.000Z","","4","","","","7684","0","0","xslF345X03/doc4.xml","FORM 4 SUBMISSION"
"0001193125-17-068848","2017-03-03","","2017-03-03T09:01:11.000Z","33","424B4","333-215866","17661604","","6236144","0","0","d270216d424b4.htm","424B4"
"9999999997-17-001475","2017-03-02","","2017-03-02T08:34:40.000Z","34","CT ORDER","333-215866","17657033","20170302,20170301","10952","0","0","filename1.pdf",""
"9999999995-17-000459","2017-03-01","","2017-03-02T00:15:11.000Z","33","EFFECT","333-215866","17656812","S-1,,2017-03-01 16:00:00","1741","0","0","xslEFFECTX01/primary_doc.xml",""
"0001209191-17-016092","2017-03-01","2017-03-01","2017-03-01T18:03:33.000Z","","3","","","","7271","0","0","xslF345X02/doc3.xml","FORM 3 SUBMISSION"
"0001209191-17-016090","2017-03-01","2017-03-01","2017-03-01T18:02:02.000Z","","3","","","","8790","0","0","xslF345X02/doc3.xml","FORM 3 SUBMISSION"
"0001209191-17-016089","2017-03-01","2017-03-01","2017-03-01T18:00:31.000Z","","3","","","","11418","0","0","xslF345X02/doc3.xml","FORM 3 SUBMISSION"
"0001209191-17-016088","2017-03-01","2017-03-01","2017-03-01T17:58:28.000Z","","3","","","","10833","0","0","xslF345X02/doc3.xml","FORM 3 SUBMISSION"
"0001209191-17-016083","2017-03-01","2017-03-01","2017-03-01T17:56:38.000Z","","3","","","","11426","0","0","xslF345X02/doc3.xml","FORM 3 SUBMISSION"
"0001209191-17-016081","2017-03-01","2017-03-01","2017-03-01T17:54:59.000Z","","3","","","","7259","0","0","xslF345X02/doc3.xml","FORM 3 SUBMISSION"
"0001209191-17-016078","2017-03-01","2017-03-01","2017-03-01T17:53:16.000Z","","3","","","","7234","0","0","xslF345X02/doc3.xml","FORM 3 SUBMISSION"
"0001209191-17-016069","2017-03-01","2017-03-01","2017-03-01T17:46:17.000Z","","3","","","","15052","0","0","xslF345X02/doc3.xml","FORM 3 SUBMISSION"
"0001209191-17-016066","2017-03-01","2017-03-01","2017-03-01T17:43:55.000Z","","3","","","","12460","0","0","xslF345X02/doc3.xml","FORM 3 SUBMISSION"
"0001209191-17-016063","2017-03-01","2017-03-01","2017-03-01T17:42:19.000Z","","3","","","","7259","0","0","xslF345X02/doc3.xml","FORM 3 SUBMISSION"
"0001209191-17-016060","2017-03-01","2017-03-01","2017-03-01T17:39:33.000Z","","3","","","","11039","0","0","xslF345X02/doc3.xml","FORM 3 SUBMISSION"
"0001209191-17-016056","2017-03-01","2017-03-01","2017-03-01T17:38:00.000Z","","3","","","","11360","0","0","xslF345X02/doc3.xml","FORM 3 SUBMISSION"
"0001209191-17-016053","2017-03-01","2017-03-01","2017-03-01T17:36:42.000Z","","3","","","","10424","0","0","xslF345X02/doc3.xml","FORM 3 SUBMISSION"
"0001209191-17-016041","2017-03-01","2017-03-01","2017-03-01T17:34:12.000Z","","3","","","","7365","0","0","xslF345X02/doc3.xml","FORM 3 SUBMISSION"
"0001193125-17-059049","2017-02-27","","2017-02-27T16:32:56.000Z","","CORRESP","","","","8082","0","0","filename1.htm",""
"0001193125-17-059009","2017-02-27","","2017-02-27T16:27:55.000Z","","CORRESP","","","","7747","0","0","filename1.htm",""
"0001193125-17-056992","2017-02-27","","2017-02-24T21:47:09.000Z","33","S-1/A","333-215866","17639458","","6333594","0","0","d270216ds1a.htm","S-1/A"
"9999999997-17-001006","2017-02-23","","2017-02-23T16:03:43.000Z","34","CERTNYS","001-38017","17010181","","1364","0","0","9999999997-17-001006.paper","AUTO-GENERATED PAPER DOCUMENT"
"0001193125-17-052318","2017-02-23","","2017-02-22T17:52:32.000Z","34","8-A12B","001-38017","17629862","","13551","0","0","d354131d8a12b.htm","8-A12B"
"0001193125-17-045870","2017-02-16","","2017-02-16T06:16:55.000Z","33","S-1/A","333-215866","17616397","","6837044","0","0","d270216ds1a.htm","S-1/A"
"0000000000-17-005379","2017-02-15","","2017-02-15T15:13:59.000Z","","UPLOAD","","","","146439","0","0","filename1.pdf",""
"0001193125-17-034993","2017-02-09","","2017-02-08T20:58:07.000Z","33","S-1/A","333-215866","17584220","","6111591","0","0","d270216ds1a.htm","S-1/A"
"0001193125-17-029199","2017-02-02","","2017-02-02T16:34:25.000Z","33","S-1","333-215866","17568738","","9793351","0","0","d270216ds1.htm","S-1"
"0000000000-17-003785","2017-02-02","","2017-02-02T16:23:51.000Z","","UPLOAD","","","","165698","0","0","filename1.pdf",""
"0000950123-17-000484","2017-01-26","","2017-01-26T17:08:08.000Z","33","DRS/A","377-01410","17550551","","7042870","0","0","filename1.htm",""
"0000000000-17-001978","2017-01-19","","2017-01-19T09:08:23.000Z","","UPLOAD","","","","41225","0","0","filename1.pdf",""
"0000950123-17-000007","2017-01-03","","2017-01-03T17:12:16.000Z","33","DRS/A","377-01410","17502734","","7128438","0","0","filename1.htm",""
"0000000000-16-106388","2016-12-23","","2016-12-23T11:45:51.000Z","","UPLOAD","","","","156974","0","0","filename1.pdf",""
"0000950123-16-022731","2016-12-07","","2016-12-07T17:16:19.000Z","33","DRS/A","377-01410","162039894","","7533621","0","0","filename1.htm",""
"0000000000-16-102863","2016-11-30","","2016-11-30T13:09:22.000Z","","UPLOAD","","","","204619","0","0","filename1.pdf",""
"0000950123-16-020967","2016-10-31","","2016-10-31T16:33:27.000Z","33","DRS","377-01410","161962038","","7423646","0","0","filename1.htm",""
"0001564408-16-000001","2016-05-26","","2016-05-25T21:13:21.000Z","33","D/A","021-240767","161676071","06b","12427","0","0","xslFormDX01/primary_doc.xml",""
"0001638454-15-000002","2015-05-29","","2015-05-28T21:59:17.000Z","33","D","021-240767","15897021","06b","9888","0","0","xslFormDX01/primary_doc.xml",""
"0001232524-14-000152","2014-12-31","","2014-12-31T16:34:23.000Z","33","D","021-231269","141318899","06b","9859","0","0","xslFormDX01/primary_doc.xml",""
"0001564408-14-000001","2014-02-03","","2014-02-03T14:27:24.000Z","33","D/A","021-207796","14567771","06b","9945","0","0","xslFormDX01/primary_doc.xml",""
"0001564408-13-000007","2013-12-11","","2013-12-11T13:46:29.000Z","33","D","021-207796","131270468","06b","8285","0","0","xslFormDX01/primary_doc.xml",""
"0001564408-13-000005","2013-06-24","","2013-06-24T14:30:27.000Z","33","D/A","021-198480","13929379","06","8542","0","0","xslFormDX01/primary_doc.xml",""
"0001564408-13-000004","2013-06-24","","2013-06-24T14:06:24.000Z","33","D","021-198480","13929306","06","8445","0","0","xslFormDX01/primary_doc.xml",""
"0001564408-13-000002","2013-02-12","","2013-02-11T17:56:22.000Z","33","D","021-191671","13593566","06","7373","0","0","xslFormDX01/primary_doc.xml",""